City_ID,City,Country,Date,Lat,Lng,Max Temp,Humidity,Cloudiness,Wind Speed
0,Gorontalo,ID,2022-11-21 17:09:04,0.5412,123.0595,77.11,89,100,1.36
1,Busselton,AU,2022-11-21 17:09:05,-33.65,115.3333,58.73,63,0,14.83
2,Ushuaia,AR,2022-11-21 17:09:03,-54.8,-68.3,56.82,54,75,16.11
3,Jamestown,US,2022-11-21 17:06:02,42.097,-79.2353,36.99,45,0,14.97
4,Hilo,US,2022-11-21 17:04:59,19.7297,-155.09,69.24,96,75,6.91
5,Hennenman,ZA,2022-11-21 17:09:06,-27.9765,27.0242,72.91,13,99,4.81
6,Severnyy,RU,2022-11-21 17:09:06,50.677,36.5532,32.04,100,100,11.18
7,Katsuura,JP,2022-11-21 17:09:07,35.1333,140.3,60.66,88,83,10.63
8,Ketchikan,US,2022-11-21 17:09:07,55.3422,-131.6461,43.57,95,100,14.14
9,Faanui,PF,2022-11-21 17:09:08,-16.4833,-151.75,78.71,76,22,14.94
10,Namatanai,PG,2022-11-21 17:09:08,-3.6667,152.4333,79.2,83,36,6.67
11,Kaitangata,NZ,2022-11-21 17:09:09,-46.2817,169.8464,46.44,89,77,3.87
12,Matagami,CA,2022-11-21 17:08:07,49.7502,-77.6328,19.51,86,100,12.66
13,Kapaa,US,2022-11-21 17:09:09,22.0752,-159.319,75.52,83,75,23.02
14,Kirakira,SB,2022-11-21 17:09:10,-10.4544,161.9205,80.92,77,35,5.21
15,Sao Filipe,CV,2022-11-21 17:09:10,14.8961,-24.4956,77.94,60,24,10.13
16,Nikolskoye,RU,2022-11-21 17:09:11,59.7035,30.7861,21.09,88,71,4.45
17,Albany,US,2022-11-21 17:07:35,42.6001,-73.9662,36.03,51,61,1.01
18,Adrar,MR,2022-11-21 17:09:11,20.5022,-10.0711,82.13,11,0,12.84
19,Bluff,NZ,2022-11-21 17:09:12,-46.6,168.3333,48.96,87,89,9.71
20,Torbay,CA,2022-11-21 17:09:12,47.6666,-52.7314,36.75,81,96,15.01
21,Ponta Do Sol,PT,2022-11-21 17:09:13,32.6667,-17.1,71.71,71,49,0.69
22,Nangong,CN,2022-11-21 17:05:19,37.3581,115.3744,48.67,65,100,7.02
23,Wanning,CN,2022-11-21 17:09:14,18.8003,110.3967,75.42,97,100,4.72
24,Njombe,TZ,2022-11-21 17:09:14,-9.3333,34.7667,64.51,62,82,6.02
25,Esperance,AU,2022-11-21 17:09:15,-33.8667,121.9,52.84,74,7,11.59
26,Kurilsk,RU,2022-11-21 17:09:15,45.2333,147.8833,46.85,93,100,14.56
27,Rikitea,PF,2022-11-21 17:09:16,-23.1203,-134.9692,71.83,85,83,10.0
28,Sonamura,IN,2022-11-21 17:09:16,23.4719,91.2664,66.09,68,44,5.48
29,Barrow,US,2022-11-21 17:09:17,71.2906,-156.7887,19.42,86,100,20.71
30,Maragogi,BR,2022-11-21 17:09:17,-9.0122,-35.2225,82.22,62,47,10.98
31,Altay,CN,2022-11-21 17:09:18,47.8667,88.1167,19.83,83,98,6.13
32,Tasiilaq,GL,2022-11-21 17:09:18,65.6145,-37.6368,37.56,92,100,8.63
33,Dharchula,IN,2022-11-21 17:09:19,29.85,80.5333,55.8,30,89,6.17
34,Dikson,RU,2022-11-21 17:09:19,73.5069,80.5464,-24.81,97,40,3.65
35,Krasnovishersk,RU,2022-11-21 17:09:19,60.4078,57.082,17.2,98,100,2.06
36,Xining,CN,2022-11-21 17:04:21,36.6167,101.7667,31.77,81,89,1.01
37,Punta Arenas,CL,2022-11-21 17:09:20,-53.15,-70.9167,48.31,81,100,12.66
38,Tazovskiy,RU,2022-11-21 17:09:20,67.4667,78.7,-21.64,98,50,7.96
39,Teonthar,IN,2022-11-21 17:09:21,24.9833,81.65,65.86,51,52,3.53
40,Castro,BR,2022-11-21 17:09:21,-24.7911,-50.0119,82.24,40,97,7.52
41,Lapeer,US,2022-11-21 17:09:22,43.0514,-83.3188,36.88,51,0,12.66
42,Mataura,NZ,2022-11-21 17:09:22,-46.1927,168.8643,45.66,93,67,2.84
43,Saint Anthony,US,2022-11-21 17:09:24,45.0205,-93.218,30.65,64,0,10.36
44,Santa Isabel Do Rio Negro,BR,2022-11-21 17:09:24,-0.4139,-65.0192,95.99,38,88,5.14
45,Okhotsk,RU,2022-11-21 17:09:25,59.3833,143.3,16.72,80,98,12.37
46,Hermanus,ZA,2022-11-21 17:09:25,-34.4187,19.2345,65.8,68,79,7.52
47,Phan Thiet,VN,2022-11-21 17:09:25,10.9333,108.1,77.09,89,100,5.91
48,Gobabis,NA,2022-11-21 17:10:26,-22.45,18.9667,81.54,29,100,10.89
49,Georgetown,MY,2022-11-21 17:10:26,5.4112,100.3354,82.24,84,40,0.0
50,Half Moon Bay,US,2022-11-21 17:10:27,37.4636,-122.4286,57.61,54,20,0.0
51,Port Blair,IN,2022-11-21 17:10:27,11.6667,92.75,79.61,80,53,4.92
52,Codrington,AU,2022-11-21 17:10:28,-38.2667,141.9667,50.34,79,91,20.29
53,Stepanov,CZ,2022-11-21 17:10:28,49.684,17.2204,40.96,91,100,4.34
54,Olafsvik,IS,2022-11-21 17:10:29,64.8945,-23.7142,42.21,73,55,16.58
55,Puerto Ayora,EC,2022-11-21 17:10:30,-0.7393,-90.3518,76.96,98,84,8.99
56,Lebu,CL,2022-11-21 17:10:31,-37.6167,-73.65,59.68,59,38,21.3
57,Narsaq,GL,2022-11-21 17:10:31,60.9167,-46.05,25.02,92,38,6.4
58,Whitehaven,GB,2022-11-21 17:10:32,54.549,-3.5841,43.66,100,100,5.01
59,Bambanglipuro,ID,2022-11-21 17:10:32,-7.95,110.2833,76.93,88,100,4.0
60,Tuktoyaktuk,CA,2022-11-21 17:10:32,69.4541,-133.0374,10.11,94,98,5.91
61,Qandala,SO,2022-11-21 17:10:33,11.472,49.8728,78.33,66,91,5.93
62,Vaini,TO,2022-11-21 17:10:33,-21.2,-175.2,77.09,73,8,10.69
63,Alofi,NU,2022-11-21 17:10:34,-19.0595,-169.9187,77.47,73,98,17.2
64,Saldanha,ZA,2022-11-21 17:10:35,-33.0117,17.9442,63.1,75,77,19.3
65,Merrill,US,2022-11-21 17:10:35,45.1805,-89.6835,31.1,65,0,9.22
66,Aldan,RU,2022-11-21 17:10:36,58.6031,125.3894,-17.81,97,71,4.54
67,Thompson,CA,2022-11-21 17:08:53,55.7435,-97.8558,4.3,90,61,5.44
68,Lillooet,CA,2022-11-21 17:10:36,50.6856,-121.942,35.74,90,64,1.72
69,Cairns,AU,2022-11-21 17:10:37,-16.9167,145.7667,81.07,86,63,2.3
70,Buin,CL,2022-11-21 17:10:37,-33.7333,-70.75,89.42,10,3,7.0
71,Kahului,US,2022-11-21 17:10:38,20.8947,-156.47,75.85,70,40,9.22
72,Biograd Na Moru,HR,2022-11-21 17:10:38,43.9433,15.4519,52.75,66,0,3.96
73,Cape Town,ZA,2022-11-21 17:10:38,-33.9258,18.4232,67.26,55,81,8.99
74,San Cristobal,VE,2022-11-21 17:10:39,7.7669,-72.225,69.98,61,100,1.41
75,Pacific Grove,US,2022-11-21 17:09:00,36.6177,-121.9166,60.51,59,0,0.0
76,New Norfolk,AU,2022-11-21 17:10:40,-42.7826,147.0587,40.71,73,42,3.0
77,Rio Gallegos,AR,2022-11-21 17:10:41,-51.6226,-69.2181,71.65,14,75,19.57
78,Lovozero,RU,2022-11-21 17:10:41,68.005,35.0117,18.39,93,19,4.27
79,Divicani,BA,2022-11-21 17:10:41,44.3667,17.3261,35.71,97,69,4.68
80,Manta,EC,2022-11-21 17:10:42,-0.95,-80.7333,77.76,63,95,9.28
81,Christchurch,NZ,2022-11-21 17:07:31,-43.5333,172.6333,59.2,46,82,13.8
82,Cabo San Lucas,MX,2022-11-21 17:10:43,22.8909,-109.9124,80.51,67,40,9.22
83,Ahipara,NZ,2022-11-21 17:08:33,-35.1667,173.1667,64.2,98,99,10.49
84,Ilhabela,BR,2022-11-21 17:10:43,-23.7781,-45.3581,79.59,69,21,5.97
85,Hobart,AU,2022-11-21 17:10:44,-42.8794,147.3294,41.05,82,40,13.8
86,Tiksi,RU,2022-11-21 17:10:44,71.6872,128.8694,-22.36,100,91,3.27
87,East London,ZA,2022-11-21 17:10:45,-33.0153,27.9116,71.78,79,57,10.89
88,Alice Springs,AU,2022-11-21 17:10:45,-23.7,133.8833,67.55,45,100,5.75
89,Viedma,AR,2022-11-21 17:10:45,-40.8135,-62.9967,69.58,18,0,11.27
90,Arraial Do Cabo,BR,2022-11-21 17:10:46,-22.9661,-42.0278,80.46,74,20,19.57
91,Vila Velha,BR,2022-11-21 17:11:46,-20.3297,-40.2925,78.75,82,75,10.36
92,Maibong,IN,2022-11-21 17:11:47,25.3,93.1667,62.42,84,58,0.69
93,Mar Del Plata,AR,2022-11-21 17:11:47,-38.0023,-57.5575,61.83,93,100,18.41
94,Sterling,US,2022-11-21 17:11:48,39.0062,-77.4286,45.12,33,0,14.97
95,Talipan,PH,2022-11-21 17:11:48,13.9333,121.6833,78.15,92,97,5.14
96,North Bend,US,2022-11-21 17:11:49,43.4065,-124.2243,44.51,81,0,8.05
97,Bredasdorp,ZA,2022-11-21 17:11:49,-34.5322,20.0403,64.65,60,84,9.33
98,Vestmannaeyjar,IS,2022-11-21 17:11:49,63.4427,-20.2734,45.59,81,75,28.77
99,Mackay,AU,2022-11-21 17:11:50,-21.15,149.2,76.68,85,98,7.83
100,Tilichiki,RU,2022-11-21 17:11:50,60.4667,166.1,-2.83,84,86,8.9
101,Lagoa,PT,2022-11-21 17:11:51,39.05,-27.9833,64.35,92,100,27.65
102,Ewa Beach,US,2022-11-21 17:11:51,21.3156,-158.0072,76.95,68,0,17.27
103,Fairbanks,US,2022-11-21 17:09:24,64.8378,-147.7164,15.6,86,40,0.0
104,Faya,SA,2022-11-21 17:11:52,18.3851,42.4509,61.32,50,63,8.95
105,Huilong,CN,2022-11-21 17:11:52,31.8111,121.655,63.23,87,98,12.75
106,Vrangel,RU,2022-11-21 17:11:53,42.7297,133.0839,33.76,51,0,11.07
107,Comodoro Rivadavia,AR,2022-11-21 17:10:23,-45.8667,-67.5,76.86,11,0,16.11
108,Saint-Philippe,RE,2022-11-21 17:11:53,-21.3585,55.7679,76.59,76,15,6.24
109,Vega De Alatorre,MX,2022-11-21 17:11:54,20.0333,-96.6333,67.06,84,83,13.87
110,Gillette,US,2022-11-21 17:10:06,44.2911,-105.5022,38.32,46,0,8.99
111,Haines Junction,CA,2022-11-21 17:11:55,60.7522,-137.5108,27.64,98,100,3.18
112,Vlasikha,RU,2022-11-21 17:11:55,53.2972,83.5742,9.45,85,0,6.71
113,Partenit,UA,2022-11-21 17:11:55,44.578,34.3446,60.98,71,99,5.41
114,Longyearbyen,SJ,2022-11-21 17:11:56,78.2186,15.6401,37.24,81,75,12.66
115,Praya,CV,2022-11-21 17:11:56,14.9215,-23.5087,81.14,61,40,21.85
116,Korla,CN,2022-11-21 17:11:57,41.7597,86.1469,37.31,39,29,4.34
117,Kokopo,PG,2022-11-21 17:11:57,-4.352,152.2633,77.68,78,25,3.51
118,Yellowknife,CA,2022-11-21 17:11:58,62.456,-114.3525,26.56,100,100,5.99
119,Chebenki,RU,2022-11-21 17:11:58,51.9337,55.7077,26.35,95,99,1.9
120,Dunkwa,GH,2022-11-21 17:11:59,5.9656,-1.78,84.25,66,75,3.98
121,Polson,US,2022-11-21 17:11:59,47.6936,-114.1632,24.76,77,99,2.82
122,Hithadhoo,MV,2022-11-21 17:11:59,-0.6,73.0833,81.1,77,81,10.89
123,Yulara,AU,2022-11-21 17:12:00,-25.2406,130.9889,72.28,29,100,14.43
124,Shediac,CA,2022-11-21 17:12:00,46.2198,-64.5411,27.09,49,3,16.17
125,Achutupo,PA,2022-11-21 17:12:01,9.2,-77.9833,80.87,85,99,2.89
126,Havoysund,NO,2022-11-21 17:12:01,70.9963,24.6622,35.83,80,52,12.21
127,Svetlogorsk,BY,2022-11-21 17:12:02,52.6333,29.7333,27.41,96,100,7.94
128,Bambous Virieux,MU,2022-11-21 17:12:02,-20.3428,57.7575,76.21,71,0,8.63
129,Bandarbeyla,SO,2022-11-21 17:12:03,9.4942,50.8122,78.48,72,99,22.48
130,Luganville,VU,2022-11-21 17:12:03,-15.5333,167.1667,78.22,86,1,4.59
131,Saint George,US,2022-11-21 17:09:55,37.1041,-113.5841,44.44,38,0,0.0
132,Marawi,PH,2022-11-21 17:12:04,7.9986,124.2928,69.35,92,98,2.01
133,Batagay-Alyta,RU,2022-11-21 17:12:05,67.8006,130.4114,-25.58,92,16,4.23
134,Iqaluit,CA,2022-11-21 17:11:44,63.7506,-68.5145,4.1,94,97,1.7
135,Cherskiy,RU,2022-11-21 17:12:06,68.75,161.3,-29.81,100,100,3.0
136,General Roca,AR,2022-11-21 17:12:06,-39.0333,-67.5833,77.63,32,3,1.01
137,Airai,TL,2022-11-21 17:12:07,-8.9266,125.4092,62.49,89,100,1.59
138,Thinadhoo,MV,2022-11-21 17:12:08,0.5333,72.9333,81.75,76,55,14.45
139,Souillac,MU,2022-11-21 17:13:09,-20.5167,57.5167,76.69,68,21,3.42
140,Berlevag,NO,2022-11-21 17:13:09,70.8578,29.0864,39.15,81,100,10.36
141,Avera,US,2022-11-21 17:13:10,33.194,-82.5271,54.55,28,16,7.16
142,Chokurdakh,RU,2022-11-21 17:13:11,70.6333,147.9167,-27.09,99,99,2.15
143,Coffs Harbour,AU,2022-11-21 17:09:51,-30.3,153.1333,64.36,42,33,9.22
144,Port Alfred,ZA,2022-11-21 17:13:12,-33.5906,26.891,71.19,80,4,1.99
145,Kuala Terengganu,MY,2022-11-21 17:13:12,5.3302,103.1408,77.88,88,64,3.31
146,Yeovil,GB,2022-11-21 17:13:13,50.9416,-2.6321,48.07,78,20,11.01
147,Calmar,CA,2022-11-21 17:13:13,53.2668,-113.8187,32.5,80,67,8.9
148,Igarka,RU,2022-11-21 17:13:13,67.4667,86.5833,-17.46,99,99,4.85
149,Kieta,PG,2022-11-21 17:13:14,-6.2167,155.6333,77.59,76,36,3.0
150,Praia,CV,2022-11-21 17:13:15,14.9215,-23.5087,81.14,61,40,21.85
151,Springbok,ZA,2022-11-21 17:13:15,-29.6643,17.8865,59.76,54,100,6.17
152,Wukari,NG,2022-11-21 17:13:16,7.85,9.7833,85.01,27,59,3.02
153,Mattoon,US,2022-11-21 17:10:26,39.4831,-88.3728,46.69,36,0,14.97
154,Mizan Teferi,ET,2022-11-21 17:13:17,6.9833,35.5833,61.5,89,12,2.82
155,Selenduma,RU,2022-11-21 17:13:18,50.9131,106.2406,8.92,93,100,1.28
156,Provideniya,RU,2022-11-21 17:13:18,64.3833,-173.3,9.9,93,100,10.49
157,Caloundra,AU,2022-11-21 17:13:11,-26.8,153.1333,71.11,41,94,11.14
158,Mbabane,SZ,2022-11-21 17:13:19,-26.3167,31.1333,63.7,59,23,5.82
159,Yar-Sale,RU,2022-11-21 17:13:19,66.8333,70.8333,-5.93,96,100,16.49
160,San Patricio,US,2022-11-21 17:13:20,28.017,-97.5169,49.86,81,100,13.47
161,Tabriz,IR,2022-11-21 17:09:40,38.08,46.2919,47.66,49,20,0.0
162,Namibe,AO,2022-11-21 17:13:20,-15.1961,12.1522,74.39,79,62,9.15
163,Korem,ET,2022-11-21 17:13:21,12.5058,39.5228,54.61,57,5,5.48
164,Saskylakh,RU,2022-11-21 17:13:22,71.9167,114.0833,-32.67,100,73,4.68
165,Mangrul Pir,IN,2022-11-21 17:13:22,20.3167,77.35,64.65,41,100,2.44
166,Taoudenni,ML,2022-11-21 17:13:23,22.6783,-3.9836,78.08,16,0,16.08
167,Asau,RO,2022-11-21 17:13:23,46.4333,26.4,33.28,99,100,1.83
168,Poum,NC,2022-11-21 17:13:24,-20.2333,164.0167,79.81,80,20,6.91
169,Hobyo,SO,2022-11-21 17:13:25,5.3505,48.5268,81.14,68,71,16.98
170,Buchanan,LR,2022-11-21 17:13:25,5.8808,-10.0467,81.28,78,42,5.32
171,Kodiak,US,2022-11-21 17:13:26,57.79,-152.4072,36.91,100,100,3.44
172,Kuytun,RU,2022-11-21 17:13:26,54.3419,101.5036,2.98,96,99,0.89
173,Giyani,ZA,2022-11-21 17:13:26,-23.3025,30.7187,78.58,36,3,5.79
174,Norsup,VU,2022-11-21 17:13:27,-16.0667,167.3833,80.04,82,5,7.58
175,Luba,GQ,2022-11-21 17:13:27,3.4568,8.5547,79.84,81,54,7.58
176,Shablykino,RU,2022-11-21 17:13:28,52.8566,35.1964,28.8,97,100,14.2
177,Todos Santos,MX,2022-11-21 17:13:28,23.45,-110.2167,76.05,81,34,3.4
178,Arenapolis,BR,2022-11-21 17:13:29,-14.4503,-56.8461,101.05,25,14,5.19
179,Laguna,US,2022-11-21 17:13:29,38.421,-121.4238,58.64,69,0,0.0
180,Coari,BR,2022-11-21 17:13:30,-4.085,-63.1414,96.87,33,61,5.01
181,Ngunguru,NZ,2022-11-21 17:13:30,-35.6167,174.5,63.57,96,90,8.12
182,Kashary,RU,2022-11-21 17:13:31,49.04,41.0056,51.87,91,100,5.84
183,Paratinga,BR,2022-11-21 17:13:31,-12.6906,-43.1842,84.54,52,94,0.72
184,Westport,US,2022-11-21 17:13:32,41.1415,-73.3579,39.56,50,0,11.99
185,Bethel,US,2022-11-21 17:13:32,41.3712,-73.414,38.01,47,0,10.36
186,Severo-Kurilsk,RU,2022-11-21 17:14:33,50.6789,156.125,40.95,85,100,19.86
187,Olga,RU,2022-11-21 17:14:33,43.7444,135.2892,27.01,75,4,10.27
188,Matara,LK,2022-11-21 17:14:34,5.9485,80.5353,76.75,81,96,6.73
189,Rafaela,AR,2022-11-21 17:14:34,-31.2503,-61.4867,72.0,68,100,15.61
190,Kungurtug,RU,2022-11-21 17:14:35,50.5994,97.5228,12.9,97,100,0.81
191,Tommot,RU,2022-11-21 17:14:35,58.9564,126.2925,-23.62,99,99,0.72
192,Klaksvik,FO,2022-11-21 17:14:36,62.2266,-6.589,43.72,68,51,20.96
193,Meulaboh,ID,2022-11-21 17:14:36,4.1363,96.1285,76.8,89,96,2.86
194,Zaltan,LY,2022-11-21 17:14:36,32.947,11.8665,64.63,32,4,8.93
195,Atuona,PF,2022-11-21 17:14:37,-9.8,-139.0333,77.77,66,63,16.11
196,Nizwa,OM,2022-11-21 17:14:38,22.9333,57.5333,76.96,45,90,6.58
197,Manokwari,ID,2022-11-21 17:14:38,-0.8667,134.0833,77.29,87,93,5.77
198,Gat,IL,2022-11-21 17:12:01,31.61,34.7642,74.08,34,69,2.98
199,Jumla,NP,2022-11-21 17:14:39,29.2747,82.1838,44.08,41,17,5.01
200,Avarua,CK,2022-11-21 17:14:40,-21.2078,-159.775,73.45,73,20,6.91
201,Verkhnyaya Inta,RU,2022-11-21 17:14:40,65.9811,60.3094,-15.97,100,44,2.89
202,Nome,US,2022-11-21 17:14:41,64.5011,-165.4064,28.47,86,100,0.0
203,Chuy,UY,2022-11-21 17:14:41,-33.6971,-53.4616,70.52,86,100,7.11
204,Luchegorsk,RU,2022-11-21 17:14:41,46.4764,134.2569,13.55,82,2,4.83
205,Port Elizabeth,ZA,2022-11-21 17:14:42,-33.918,25.5701,70.11,86,66,5.99
206,Baoding,CN,2022-11-21 17:14:43,38.8511,115.4903,46.38,70,100,1.88
207,Ouadda,CF,2022-11-21 17:14:43,8.0777,22.4007,78.28,32,90,0.83
208,Jackson,US,2022-11-21 17:13:59,42.4165,-122.8345,54.64,86,0,0.0
209,Srednekolymsk,RU,2022-11-21 17:14:44,67.45,153.6833,-32.76,99,78,6.35
210,Palmer,US,2022-11-21 17:14:44,42.1584,-72.3287,36.63,40,10,5.99
211,Port Antonio,JM,2022-11-21 17:14:45,18.18,-76.4612,91.99,62,76,6.4
212,Hami,CN,2022-11-21 17:14:45,42.8,93.45,36.66,47,62,4.12
213,Khatanga,RU,2022-11-21 17:14:45,71.9667,102.5,-38.09,100,58,0.92
214,Ericeira,PT,2022-11-21 17:14:46,38.9627,-9.4156,64.78,89,100,20.4
215,Diego De Almagro,CL,2022-11-21 17:14:46,-26.3667,-70.05,80.76,23,0,12.46
216,Hofn,IS,2022-11-21 17:14:47,64.2539,-15.2082,44.83,78,99,9.42
217,Antalaha,MG,2022-11-21 17:14:47,-14.9003,50.2788,73.98,90,94,5.03
218,Port Moresby,PG,2022-11-21 17:14:47,-9.4431,147.1797,76.68,84,100,3.04
219,Isangel,VU,2022-11-21 17:14:48,-19.55,169.2667,77.7,82,5,3.4
220,Kavieng,PG,2022-11-21 17:14:48,-2.5744,150.7967,82.29,74,45,7.47
221,Khash,IR,2022-11-21 17:14:49,28.2211,61.2158,54.19,36,10,8.28
222,Margate,GB,2022-11-21 17:14:49,51.3813,1.3862,48.31,92,100,11.01
223,Bairiki,KI,2022-11-21 17:14:50,1.3292,172.9752,80.6,83,20,11.5
224,Kochubey,RU,2022-11-21 17:14:50,44.3861,46.5825,53.58,92,100,8.39
225,Grand Gaube,MU,2022-11-21 17:14:51,-20.0064,57.6608,76.37,70,0,3.0
226,Cayenne,GF,2022-11-21 17:14:51,4.9333,-52.3333,84.24,74,75,3.44
227,Lasa,IT,2022-11-21 17:14:52,46.6166,10.7002,35.02,71,92,3.8
228,Lerwick,GB,2022-11-21 17:14:52,60.1545,-1.1494,41.0,73,100,4.14
229,Vrises,GR,2022-11-21 17:14:53,35.492,23.8899,65.19,68,18,10.6
230,Kavaratti,IN,2022-11-21 17:14:53,10.5669,72.642,81.54,52,0,7.54
231,Wasilla,US,2022-11-21 17:14:19,61.5814,-149.4394,37.74,76,100,10.36
232,Dingle,PH,2022-11-21 17:14:54,10.9995,122.6711,75.72,90,50,5.55
233,Aklavik,CA,2022-11-21 17:15:54,68.2191,-135.0107,7.03,98,100,2.44
234,Vao,NC,2022-11-21 17:15:55,-22.6667,167.4833,75.27,86,66,9.91
235,La Fria,VE,2022-11-21 17:15:55,8.2203,-72.2439,78.91,80,81,3.49
236,Marzuq,YE,2022-11-21 17:15:56,14.4,46.4667,68.13,40,36,3.6
237,Teya,RU,2022-11-21 17:15:56,60.3778,92.6267,-23.55,100,74,3.96
238,Negombo,LK,2022-11-21 17:15:56,7.2083,79.8358,77.63,81,17,5.84
239,Mattawa,US,2022-11-21 17:14:00,46.7379,-119.9028,31.26,95,99,2.77
240,Chapais,CA,2022-11-21 17:15:57,49.7834,-74.8492,11.98,93,100,12.57
241,Uyemskiy,RU,2022-11-21 17:15:58,64.4743,40.8524,24.85,100,100,2.24
242,Cazanesti,RO,2022-11-21 17:15:58,44.6167,27.0167,47.86,75,100,8.61
243,Yushu,CN,2022-11-21 17:15:59,44.8,126.5333,18.7,80,2,6.22
244,Upernavik,GL,2022-11-21 17:15:59,72.7868,-56.1549,7.47,96,92,6.71
245,Ambrolauri,GE,2022-11-21 17:16:00,42.5211,43.1622,56.34,56,100,4.74
246,Ilongero,TZ,2022-11-21 17:16:00,-4.6667,34.8667,67.62,68,100,4.85
247,Hambantota,LK,2022-11-21 17:12:40,6.1241,81.1185,78.49,76,74,11.23
248,Kalabo,ZM,2022-11-21 17:16:01,-14.97,22.6814,82.58,31,87,3.71
249,Acajutla,SV,2022-11-21 17:16:02,13.5928,-89.8275,85.69,57,91,2.48
250,Aksu,CN,2022-11-21 17:16:03,41.1231,80.2644,38.21,32,24,1.63
251,Nanortalik,GL,2022-11-21 17:16:03,60.1432,-45.2371,26.4,80,37,2.59
252,Bogacs,HU,2022-11-21 17:16:04,47.9,20.5333,38.05,85,68,7.18
253,Pisco,PE,2022-11-21 17:16:04,-13.7,-76.2167,69.03,77,0,12.66
254,Kruisfontein,ZA,2022-11-21 17:16:05,-34.0033,24.7314,67.89,71,84,8.34
255,Lavrentiya,RU,2022-11-21 17:16:05,65.5833,-171.0,14.56,72,100,20.54
256,Bengkulu,ID,2022-11-21 17:16:07,-3.8004,102.2655,74.86,90,96,4.43
257,Ada,US,2022-11-21 17:16:07,43.4166,-116.1262,26.98,76,0,8.99
258,Kota Kinabalu,MY,2022-11-21 17:16:08,5.9749,116.0724,73.38,100,40,8.05
259,Opuwo,NA,2022-11-21 17:16:08,-18.0607,13.84,81.39,34,94,13.33
260,Sao Gabriel Da Cachoeira,BR,2022-11-21 17:16:09,-0.1303,-67.0892,89.4,70,40,5.75
261,Maumere,ID,2022-11-21 17:16:10,-8.6199,122.2111,80.49,80,93,4.0
262,Grindavik,IS,2022-11-21 17:16:10,63.8424,-22.4338,41.47,87,75,23.02
263,Dickinson,US,2022-11-21 17:16:11,29.4608,-95.0513,46.49,92,75,9.22
264,Ribeira Grande,PT,2022-11-21 17:16:11,38.5167,-28.7,68.4,88,75,17.27
265,Sao Joao Da Barra,BR,2022-11-21 17:16:12,-21.6403,-41.0511,80.69,78,6,16.73
266,Vuktyl,RU,2022-11-21 17:16:13,63.8567,57.3094,-2.33,99,29,3.53
267,Bunia,CD,2022-11-21 17:16:13,1.5667,30.25,63.91,88,88,1.59
268,Mehamn,NO,2022-11-21 17:16:14,71.0357,27.8492,39.11,93,75,4.61
269,Norman Wells,CA,2022-11-21 17:16:14,65.282,-126.8329,19.44,93,75,6.91
270,Shingu,JP,2022-11-21 17:16:15,33.7333,135.9833,54.41,81,41,5.41
271,Waingapu,ID,2022-11-21 17:16:15,-9.6567,120.2641,80.51,80,84,1.41
272,Road Town,VG,2022-11-21 17:16:16,18.4167,-64.6167,87.89,79,40,12.66
273,Staryy Nadym,RU,2022-11-21 17:16:16,65.6118,72.6842,-2.99,94,100,20.33
274,Ancud,CL,2022-11-21 17:16:17,-41.8697,-73.8203,57.42,51,15,8.01
275,Clyde River,CA,2022-11-21 17:16:18,70.4692,-68.5914,-12.77,70,75,12.66
276,Shanghai,CN,2022-11-21 17:15:14,31.2222,121.4581,64.26,80,0,8.95
277,Isla Mujeres,MX,2022-11-21 17:16:18,21.2311,-86.731,86.16,81,100,5.88
278,Nguru,NG,2022-11-21 17:17:19,12.8791,10.4526,80.82,12,8,9.93
279,Qaanaaq,GL,2022-11-21 17:17:19,77.484,-69.3632,-8.99,81,100,2.68
280,Salinas,US,2022-11-21 17:17:20,36.6777,-121.6555,60.91,43,0,14.97
281,Richards Bay,ZA,2022-11-21 17:17:20,-28.783,32.0377,71.17,69,64,14.09
282,Hasaki,JP,2022-11-21 17:17:21,35.7333,140.8333,53.22,85,92,9.53
283,Mpophomeni,ZA,2022-11-21 17:17:21,-29.5682,30.1862,60.93,81,96,1.36
284,Freeport,US,2022-11-21 17:17:22,40.6576,-73.5832,40.01,46,0,16.11
285,Akureyri,IS,2022-11-21 17:17:22,65.6835,-18.0878,37.33,75,40,3.44
286,Lompoc,US,2022-11-21 17:13:57,34.6391,-120.4579,63.79,35,0,4.61
287,Adre,TD,2022-11-21 17:17:24,13.4667,22.2,75.7,18,5,3.62
288,Caravelas,BR,2022-11-21 17:17:25,-17.7125,-39.2481,73.54,86,100,7.29
289,South Sioux City,US,2022-11-21 17:17:25,42.4739,-96.4136,39.79,43,0,13.8
290,Sitka,US,2022-11-21 17:17:26,57.0531,-135.33,48.09,71,100,27.63
291,Broome,US,2022-11-21 17:17:27,42.2506,-75.833,36.7,47,0,11.99
292,Kampot,KH,2022-11-21 17:17:27,10.6167,104.1833,77.05,90,100,3.91
293,Isiro,CD,2022-11-21 17:17:28,2.7739,27.616,68.79,85,100,2.19
294,Narasannapeta,IN,2022-11-21 17:17:28,18.4167,84.05,75.09,68,99,7.38
295,Zaragoza,ES,2022-11-21 17:13:13,41.6561,-0.8773,54.01,69,100,12.66
296,Saint-Augustin,CA,2022-11-21 17:17:29,51.226,-58.6502,24.12,77,100,22.39
297,Namtsy,RU,2022-11-21 17:17:30,62.7161,129.6658,-29.88,100,88,2.28
298,Ilulissat,GL,2022-11-21 17:17:30,69.2167,-51.1,15.82,79,40,1.14
299,Krasnoselkup,RU,2022-11-21 17:17:31,65.7,82.4667,-18.0,94,37,11.05
300,Port Hardy,CA,2022-11-21 17:17:31,50.6996,-127.4199,44.78,81,100,14.97
301,Saint-Georges,GD,2022-11-21 17:17:31,12.0564,-61.7485,85.68,74,40,17.27
302,Villa Maria,AR,2022-11-21 17:17:32,-32.4075,-63.2402,73.81,43,0,16.75
303,Magistralnyy,RU,2022-11-21 17:17:33,56.1725,107.4458,3.9,95,100,3.06
304,Coquimbo,CL,2022-11-21 17:17:33,-29.9533,-71.3436,62.33,77,75,13.8
305,Paka,MY,2022-11-21 17:17:34,4.6374,103.4368,80.53,94,94,0.0
306,Anadyr,RU,2022-11-21 17:17:34,64.75,177.4833,-14.3,70,40,17.9
307,Imeni Poliny Osipenko,RU,2022-11-21 17:17:35,52.4201,136.4853,13.42,93,91,1.92
308,Sieu-Odorhei,RO,2022-11-21 17:17:35,47.15,24.3167,38.59,87,100,6.78
309,Waipawa,NZ,2022-11-21 17:17:35,-41.4122,175.5153,56.16,74,1,18.43
310,Juruti,BR,2022-11-21 17:17:36,-2.1522,-56.0922,97.59,33,54,5.12
311,Ekhabi,RU,2022-11-21 17:17:36,53.5102,142.9671,20.32,95,92,9.55
312,Victoria,HK,2022-11-21 17:12:44,22.2855,114.1577,75.38,84,100,15.01
313,Sahuaripa,MX,2022-11-21 17:17:37,29.05,-109.2333,63.79,38,17,3.62
314,Ostrovnoy,RU,2022-11-21 17:17:38,68.0531,39.5131,33.82,90,100,6.8
315,Cidreira,BR,2022-11-21 17:17:38,-30.1811,-50.2056,75.83,75,100,12.48
316,Capinzal,BR,2022-11-21 17:17:39,-27.3436,-51.6119,75.94,71,100,5.82
317,Tutoia,BR,2022-11-21 17:17:39,-2.7619,-42.2744,85.32,63,96,14.99
318,Lahaina,US,2022-11-21 17:17:40,20.8783,-156.6825,76.8,77,3,16.69
319,Fort Nelson,CA,2022-11-21 17:17:40,58.8053,-122.7002,15.94,97,40,4.61
320,Quatre Cocos,MU,2022-11-21 17:17:40,-20.2078,57.7625,76.08,71,1,7.25
321,Raga,SS,2022-11-21 17:17:41,8.4596,25.678,82.67,24,2,4.07
322,Constitucion,CL,2022-11-21 17:17:41,-35.3333,-72.4167,70.72,45,4,17.4
323,Kungsbacka,SE,2022-11-21 17:17:42,57.4872,12.0761,31.75,89,99,8.99
324,Derzhavinsk,KZ,2022-11-21 17:17:42,51.1,66.3167,13.08,98,76,3.76
325,Broken Hill,AU,2022-11-21 17:17:42,-31.95,141.4333,50.09,54,48,9.57
326,Rabat,MA,2022-11-21 17:14:05,33.9911,-6.8401,68.07,64,40,4.61
327,Caconda,AO,2022-11-21 17:18:43,-13.7333,15.0667,60.46,85,100,4.72
328,Langenburg,DE,2022-11-21 17:18:44,49.2544,9.8458,38.91,93,0,8.05
329,Mandalgovi,MN,2022-11-21 17:18:45,45.7625,106.2708,25.32,57,11,9.53
330,Huarmey,PE,2022-11-21 17:18:45,-10.0681,-78.1522,70.84,73,89,9.08
331,Russell,US,2022-11-21 17:15:27,32.3502,-85.1999,56.41,33,0,4.61
332,Tucuman,AR,2022-11-21 17:13:58,-26.8241,-65.2226,69.8,68,75,6.91
333,Sola,VU,2022-11-21 17:18:46,-13.8833,167.55,81.79,74,12,8.72
334,Muros,ES,2022-11-21 17:18:46,42.7762,-9.0603,53.1,77,33,21.34
335,Sioux Lookout,CA,2022-11-21 17:14:57,50.1001,-91.917,18.77,76,83,8.88
336,Slave Lake,CA,2022-11-21 17:18:47,55.2834,-114.769,39.18,65,0,25.32
337,Cartagena,CO,2022-11-21 17:18:13,10.3997,-75.5144,85.62,74,75,12.66
338,Pangnirtung,CA,2022-11-21 17:18:48,66.1451,-65.7125,6.8,36,75,0.0
339,Chifeng,CN,2022-11-21 17:18:49,42.2683,118.9636,32.02,46,77,2.64
340,Vangaindrano,MG,2022-11-21 17:18:50,-23.35,47.6,71.98,72,8,10.78
341,Pychas,RU,2022-11-21 17:18:50,56.5033,52.4409,13.93,93,71,1.34
342,Marivan,IR,2022-11-21 17:18:51,35.5219,46.176,54.05,28,45,1.97
343,Padang,ID,2022-11-21 17:18:51,-0.9492,100.3543,75.25,86,91,3.69
344,Gunnedah,AU,2022-11-21 17:18:52,-30.9833,150.25,50.36,55,4,5.93
345,Mahebourg,MU,2022-11-21 17:18:52,-20.4081,57.7,76.24,78,20,3.44
346,Hailar,CN,2022-11-21 17:18:53,49.2,119.7,-1.82,96,17,3.71
347,Talnakh,RU,2022-11-21 17:18:53,69.4865,88.3972,-24.74,94,97,2.15
348,Morant Bay,JM,2022-11-21 17:18:54,17.8815,-76.4093,91.02,60,93,8.77
349,Oranjemund,NA,2022-11-21 17:18:54,-28.55,16.4333,64.4,72,100,9.1
350,Novospasskoye,RU,2022-11-21 17:18:55,53.1468,47.7514,31.21,95,100,5.08
351,Aljezur,PT,2022-11-21 17:18:55,37.3191,-8.8033,63.64,88,90,16.46
352,Gloucester,GB,2022-11-21 17:18:56,51.8657,-2.2431,46.72,89,75,6.91
353,Vardo,NO,2022-11-21 17:18:56,70.3705,31.1107,35.58,93,75,8.05
354,Xingyi,CN,2022-11-21 17:18:57,24.1877,102.817,52.45,86,7,2.75
355,Ayer Tawar,MY,2022-11-21 17:18:57,4.2954,100.7548,78.75,89,20,0.0
356,Fortuna,US,2022-11-21 17:18:58,40.5982,-124.1573,44.94,93,0,11.5
357,Ingham,US,2022-11-21 17:18:58,42.6,-84.3833,38.79,53,0,18.41
358,Bilopillya,UA,2022-11-21 17:18:59,51.1502,34.3129,34.68,100,100,15.7
359,Limon,CR,2022-11-21 17:18:59,10.0,-83.0333,82.29,78,100,8.05
360,Champerico,GT,2022-11-21 17:19:00,14.3,-91.9167,86.54,71,100,3.02
361,Ankpa,NG,2022-11-21 17:19:00,7.3706,7.6253,83.43,45,90,2.77
362,Wahiawa,US,2022-11-21 17:19:00,21.5028,-158.0236,73.72,73,49,15.05
363,Butaritari,KI,2022-11-21 17:19:01,3.0707,172.7902,80.6,81,34,15.79
364,Mhango,TZ,2022-11-21 17:19:01,-3.2833,32.85,68.18,81,97,3.4
365,Toora-Khem,RU,2022-11-21 17:19:02,52.4675,96.11,-0.27,99,100,1.63
366,Geraldton,AU,2022-11-21 17:19:02,-28.7667,114.6,64.81,72,39,6.91
367,Kushmurun,KZ,2022-11-21 17:19:03,52.4503,64.6311,3.42,94,5,5.5
368,Qasigiannguit,GL,2022-11-21 17:19:04,68.8193,-51.1922,16.05,90,92,3.96
369,Saint-Francois,FR,2022-11-21 17:19:04,46.4154,3.9054,47.64,81,100,8.05
370,Sur,OM,2022-11-21 17:20:05,22.5667,59.5289,77.54,65,2,5.06
371,Santiago Del Estero,AR,2022-11-21 17:20:05,-27.7951,-64.2615,63.16,80,100,11.61
372,Pitanga,BR,2022-11-21 17:20:05,-24.7572,-51.7614,83.44,43,95,6.87
373,Goderich,CA,2022-11-21 17:20:06,43.7501,-81.7165,37.9,64,93,23.02
374,Alamos,MX,2022-11-21 17:20:07,27.0167,-108.9333,73.71,31,80,0.85
375,Mizdah,LY,2022-11-21 17:20:07,31.4451,12.9801,54.09,39,0,5.61
376,Taunggyi,MM,2022-11-21 17:20:08,20.7833,97.0333,59.79,94,67,0.92
377,Barsovo,RU,2022-11-21 17:20:08,61.1667,73.1667,19.53,93,100,12.53
378,Rawson,AR,2022-11-21 17:20:08,-43.3002,-65.1023,66.18,31,0,24.0
379,Ocampo,MX,2022-11-21 17:20:09,21.65,-101.5,56.23,68,99,6.11
380,Mumford,GH,2022-11-21 17:20:10,5.2618,-0.759,80.82,78,57,11.18
381,Ola,RU,2022-11-21 17:20:10,59.5833,151.2833,24.75,89,100,16.71
382,Bonfim,BR,2022-11-21 17:20:11,3.0833,-59.95,89.83,48,64,7.38
383,Rio Grande,BR,2022-11-21 17:20:11,-32.035,-52.0986,84.31,69,100,3.76
384,Luderitz,NA,2022-11-21 17:20:12,-26.6481,15.1594,65.05,66,96,13.85
385,Onega,RU,2022-11-21 17:20:12,63.9061,38.1404,24.71,90,95,3.65
386,Kandrian,PG,2022-11-21 17:20:13,-6.2167,149.55,77.45,90,72,3.76
387,Ndola,ZM,2022-11-21 17:20:14,-12.9587,28.6366,73.74,52,92,1.36
388,Bagua Grande,PE,2022-11-21 17:20:14,-5.7561,-78.4411,93.09,45,64,5.57
389,Griffin,US,2022-11-21 17:20:08,33.2468,-84.2641,55.81,29,0,6.91
390,Alibag,IN,2022-11-21 17:20:15,18.6411,72.8792,77.07,64,93,6.02
391,Jalpan,MX,2022-11-21 17:20:15,21.2333,-99.4833,68.99,69,100,4.79
392,Lazaro Cardenas,MX,2022-11-21 17:20:16,17.9583,-102.2,83.19,64,31,2.64
393,Armidale,AU,2022-11-21 17:16:23,-30.5167,151.65,42.35,62,0,14.79
394,Hamilton,US,2022-11-21 17:19:42,39.1834,-84.5333,45.59,32,0,13.8
395,Flin Flon,CA,2022-11-21 17:20:16,54.7682,-101.865,15.64,86,75,6.91
396,Belogorsk,RU,2022-11-21 17:20:17,50.9158,128.4611,-4.74,100,86,3.78
397,Nemuro,JP,2022-11-21 17:20:18,43.3236,145.575,52.39,91,81,22.1
398,Qaqortoq,GL,2022-11-21 17:20:18,60.7167,-46.0333,19.42,85,17,5.17
399,Labuhan,ID,2022-11-21 17:20:18,-6.8844,112.2051,80.2,82,99,8.95
400,Xuanzhou,CN,2022-11-21 17:20:19,30.9525,118.7553,59.32,89,99,6.08
401,Rio Rancho,US,2022-11-21 17:19:48,35.2334,-106.6645,46.15,35,0,4.0
402,Chicama,PE,2022-11-21 17:20:20,-7.8447,-79.1469,66.74,55,18,9.6
403,Cartagena Del Chaira,CO,2022-11-21 17:20:20,1.3349,-74.8429,89.76,50,65,7.23
404,Vryburg,ZA,2022-11-21 17:20:21,-26.9566,24.7284,81.18,25,97,17.27
405,Celestun,MX,2022-11-21 17:20:21,20.8667,-90.4,81.43,70,99,11.3
406,Truro,GB,2022-11-21 17:20:21,50.2653,-5.0544,49.28,81,40,18.41
407,Moyale,KE,2022-11-21 17:20:22,3.5167,39.0584,72.34,63,82,12.57
408,Sayyan,YE,2022-11-21 17:20:22,15.1718,44.3244,54.37,51,77,10.71
409,Mutis,CO,2022-11-21 17:20:23,6.2262,-77.4044,77.97,92,99,6.55
410,Apache Junction,US,2022-11-21 17:20:23,33.4151,-111.5496,63.63,28,0,6.91
411,Monroe,US,2022-11-21 17:19:31,43.1501,-77.6831,40.06,39,99,7.0
412,Lake Havasu City,US,2022-11-21 17:20:24,34.4839,-114.3224,62.22,25,0,1.99
413,Kaseda,JP,2022-11-21 17:20:24,31.4167,130.3167,66.49,76,41,5.03
414,Husavik,IS,2022-11-21 17:20:25,66.0449,-17.3389,38.7,82,15,10.63
415,Bereznik,RU,2022-11-21 17:20:25,62.8551,42.7072,13.28,97,58,1.9
416,Urupes,BR,2022-11-21 17:21:26,-21.2017,-49.29,90.73,23,82,11.07
417,Nikolayevsk-Na-Amure,RU,2022-11-21 17:21:26,53.1406,140.73,17.17,98,95,2.46
418,Ojinaga,MX,2022-11-21 17:21:27,29.5667,-104.4167,50.95,66,100,0.0
419,Kargasok,RU,2022-11-21 17:21:27,59.0556,80.8572,8.06,90,100,14.38
420,Samarai,PG,2022-11-21 17:21:28,-10.6167,150.6667,81.16,78,100,6.44
421,Coracao De Jesus,BR,2022-11-21 17:21:28,-16.6853,-44.365,81.21,49,73,1.97
422,Gornopravdinsk,RU,2022-11-21 17:21:29,60.05,69.9,18.32,95,100,8.9
423,Lorengau,PG,2022-11-21 17:21:29,-2.0226,147.2712,80.92,70,73,6.69
424,Nouadhibou,MR,2022-11-21 17:21:29,20.931,-17.0347,85.98,28,0,8.05
425,Oktyabrskiy,RU,2022-11-21 17:21:30,54.4815,53.471,11.12,99,93,1.03
426,Zhigansk,RU,2022-11-21 17:21:30,66.7697,123.3711,-30.51,100,96,0.85
427,Dale,US,2022-11-21 17:21:31,38.1689,-86.99,46.47,28,0,13.8
428,Aksarka,RU,2022-11-21 17:21:31,66.5606,67.7975,-5.39,92,97,20.47
429,Salym,RU,2022-11-21 17:21:32,60.0625,71.4789,16.63,94,100,9.69
430,Tual,ID,2022-11-21 17:21:32,-5.6667,132.75,83.79,75,100,7.56
431,Moussoro,TD,2022-11-21 17:21:33,13.6408,16.4901,82.29,10,6,10.67
432,Pangody,RU,2022-11-21 17:21:33,65.85,74.4859,-4.59,95,100,17.69
433,Borogontsy,RU,2022-11-21 17:21:34,62.6683,131.1683,-29.16,100,100,1.16
434,Mecca,SA,2022-11-21 17:20:33,21.4267,39.8261,82.0,57,11,5.99
435,Bilibino,RU,2022-11-21 17:21:35,68.0546,166.4372,-26.01,100,98,3.56
436,Vostok,RU,2022-11-21 17:21:35,46.4856,135.8833,7.72,91,46,4.41
437,Katangli,RU,2022-11-21 17:21:36,51.7102,143.2326,17.42,92,30,5.73
438,Le Port,RE,2022-11-21 17:21:36,-20.9373,55.2919,77.0,74,1,7.52
439,Rawah,IQ,2022-11-21 17:21:36,34.4816,41.9093,64.54,43,96,3.8
440,Gezing,AT,2022-11-21 17:21:37,47.9178,13.1299,38.1,96,0,6.91
441,Mende,FR,2022-11-21 17:21:37,44.6667,3.5,35.69,99,100,3.83
442,Muroto,JP,2022-11-21 17:21:38,33.2833,134.15,64.49,65,65,5.01
443,Guerrero Negro,MX,2022-11-21 17:17:41,27.9769,-114.0611,68.25,40,20,1.9
444,Guaranda,EC,2022-11-21 17:20:13,-1.6,-79.0,71.91,98,95,6.89
445,Altona,DE,2022-11-21 17:21:39,53.55,9.9333,31.75,86,0,9.22
446,Cabra,ES,2022-11-21 17:21:39,37.4725,-4.4421,58.8,86,100,19.19
447,Sorel,CA,2022-11-21 17:21:40,46.0418,-73.1136,28.18,92,98,13.6
448,Energetik,RU,2022-11-21 17:21:40,51.7445,58.7934,10.13,97,63,4.79
449,Tura,IN,2022-11-21 17:21:41,25.5198,90.2201,61.29,90,78,3.85
450,Araouane,ML,2022-11-21 17:21:41,18.9048,-3.5265,82.0,11,98,10.71
451,Chhatarpur,IN,2022-11-21 17:21:42,24.9,79.6,62.1,44,22,3.33
452,Xichang,CN,2022-11-21 17:21:42,27.8964,102.2634,48.65,83,18,3.44
453,Porto Franco,BR,2022-11-21 17:19:03,-6.3383,-47.3992,86.63,57,36,2.37
454,Tarrafal,CV,2022-11-21 17:21:43,15.2833,-23.7667,81.39,69,41,17.87
455,Bereda,ES,2022-11-21 17:21:43,43.2686,-7.5406,44.42,99,73,8.19
456,Lososina,RU,2022-11-21 17:21:44,48.9975,140.3106,26.17,53,22,10.31
457,Stromness,GB,2022-11-21 17:21:45,58.965,-3.296,42.76,85,100,11.99
458,Bima,ID,2022-11-21 17:21:45,-8.4667,118.7167,78.35,89,45,3.06
459,Mangai,CD,2022-11-21 17:21:45,-4.05,19.5333,69.48,99,100,3.47
460,Aksha,RU,2022-11-21 17:21:46,50.2814,113.2867,1.58,97,69,1.19
461,Ulaanbaatar,MN,2022-11-21 17:19:20,47.9077,106.8832,1.53,85,40,2.24
462,Bud,US,2022-11-21 17:22:46,39.447,-86.1758,44.89,33,0,16.82
463,Quime,BO,2022-11-21 17:22:47,-16.9833,-67.2167,68.5,41,47,9.55
464,Vigrestad,NO,2022-11-21 17:22:47,58.5667,5.7,36.59,60,76,22.59
465,Emerald,AU,2022-11-21 17:22:48,-23.5333,148.1667,74.17,25,83,9.46
466,La Ronge,CA,2022-11-21 17:22:48,55.1001,-105.2842,16.05,86,75,8.05
467,Necochea,AR,2022-11-21 17:22:49,-38.5473,-58.7368,57.92,84,100,17.47
468,Riyadh,SA,2022-11-21 17:18:26,24.6877,46.7219,68.14,29,0,8.34
469,Tabou,CI,2022-11-21 17:22:49,4.423,-7.3528,80.22,78,87,6.76
470,Kariba,ZW,2022-11-21 17:22:50,-16.5167,28.8,84.2,43,59,5.44
471,Mao,ES,2022-11-21 17:22:50,39.8885,4.2658,66.76,72,75,20.71
472,Bissora,GW,2022-11-21 17:22:51,12.2231,-15.4475,93.27,23,14,6.2
473,Dubbo,AU,2022-11-21 17:19:35,-32.25,148.6167,48.33,76,15,10.36
474,Carnarvon,AU,2022-11-21 17:22:51,-24.8667,113.6333,73.96,58,49,9.42
475,Praia Da Vitoria,PT,2022-11-21 17:22:52,38.7333,-27.0667,70.05,83,40,16.33
476,Sambava,MG,2022-11-21 17:22:52,-14.2667,50.1667,75.67,83,21,6.53
477,Cosmopolis,BR,2022-11-21 17:22:53,-22.6458,-47.1961,90.48,26,65,1.36
478,Bosaso,SO,2022-11-21 17:22:53,11.2842,49.1816,77.95,69,57,6.26
479,Salalah,OM,2022-11-21 17:22:53,17.0151,54.0924,80.69,69,0,3.44
480,Ormara,PK,2022-11-21 17:22:54,25.2088,64.6357,80.02,58,0,7.74
481,Manakara,MG,2022-11-21 17:22:54,-22.1333,48.0167,73.27,80,72,7.67
482,Isla Vista,US,2022-11-21 17:21:28,34.4133,-119.861,70.34,31,0,0.0
483,Dangtu,CN,2022-11-21 17:22:55,31.5723,118.4928,60.85,81,95,6.24
484,Sumbe,AO,2022-11-21 17:22:55,-11.2061,13.8437,77.58,82,75,5.93
485,Dubovka,RU,2022-11-21 17:22:56,49.0583,44.829,50.95,94,100,4.14
486,Cedro,BR,2022-11-21 17:22:56,-6.6067,-39.0622,97.12,23,35,6.91
487,Silver City,US,2022-11-21 17:18:59,32.7701,-108.2803,46.63,47,0,4.61
488,Svetlograd,RU,2022-11-21 17:22:57,45.3353,42.8547,56.52,69,100,6.11
489,Najran,SA,2022-11-21 17:20:24,17.4924,44.1277,66.85,48,2,8.95
490,Castrovillari,IT,2022-11-21 17:22:58,39.8203,16.2123,53.29,87,56,5.06
491,Ajuy,PH,2022-11-21 17:22:58,11.1724,123.0197,78.17,88,43,6.64
492,Taksimo,RU,2022-11-21 17:22:58,56.3444,114.8794,-4.95,95,99,1.16
493,Shenjiamen,CN,2022-11-21 17:22:59,29.9576,122.298,64.71,83,26,8.93
494,Tavda,RU,2022-11-21 17:22:59,58.0425,65.2726,16.27,93,97,8.55
495,Ayan,RU,2022-11-21 17:23:00,56.45,138.1667,15.69,66,100,14.76
496,Fuling,CN,2022-11-21 17:23:00,29.7022,107.3919,59.76,94,20,1.05
497,Itumbiara,BR,2022-11-21 17:23:00,-18.4192,-49.2153,91.6,32,75,8.39
498,Liverpool,GB,2022-11-21 17:18:56,53.4106,-2.9779,46.29,95,75,11.5
499,Zhuhai,CN,2022-11-21 17:23:01,22.2769,113.5678,75.85,88,40,17.27
500,Turukhansk,RU,2022-11-21 17:23:02,65.8167,87.9833,-12.3,98,100,4.21
501,Nisia Floresta,BR,2022-11-21 17:23:02,-6.0911,-35.2086,86.81,51,51,14.34
502,Tabas,IR,2022-11-21 17:23:03,33.5959,56.9244,59.22,31,0,4.61
503,Cerritos,US,2022-11-21 17:19:06,33.8583,-118.0648,72.09,28,75,1.01
504,Misratah,LY,2022-11-21 17:23:04,32.3754,15.0925,66.58,51,1,12.21
505,Sayat,TM,2022-11-21 17:23:05,38.7839,63.8803,53.47,49,1,4.61
506,Jalu,LY,2022-11-21 17:23:05,29.0331,21.5482,67.64,43,0,11.36
507,Itarema,BR,2022-11-21 17:24:06,-2.9248,-39.9167,86.86,55,66,19.44
508,Diu,IN,2022-11-21 17:24:06,20.7141,70.9822,72.55,38,0,9.13
509,Balti,MD,2022-11-21 17:24:06,47.7617,27.9289,34.66,98,100,12.03
510,Banfora,BF,2022-11-21 17:24:07,10.6333,-4.7667,90.5,17,86,6.26
511,Sulangan,PH,2022-11-21 17:24:08,11.1373,123.7228,82.47,77,51,10.02
512,Port Macquarie,AU,2022-11-21 17:24:09,-31.4333,152.9167,57.07,49,7,7.94
513,Khani,GE,2022-11-21 17:24:10,41.9563,42.9566,54.97,52,100,7.18
514,Sapouy,BF,2022-11-21 17:24:11,11.5544,-1.7736,88.29,14,63,8.68
515,Kadaya,RU,2022-11-21 17:24:12,50.9327,119.2911,-22.54,100,42,0.81
516,Laje,BR,2022-11-21 17:24:12,-10.1833,-40.9667,86.88,38,96,7.85
517,Sistranda,NO,2022-11-21 17:24:13,63.7256,8.834,30.16,60,14,25.95
518,Pamanukan,ID,2022-11-21 17:24:13,-6.2842,107.8106,80.62,76,65,6.55
519,Galle,LK,2022-11-21 17:24:14,6.0367,80.217,77.7,79,87,6.82
520,Baruun-Urt,MN,2022-11-21 17:24:14,46.6806,113.2792,18.64,61,44,7.18
521,Inhambane,MZ,2022-11-21 17:24:15,-23.865,35.3833,75.18,53,20,10.36
522,Okha,RU,2022-11-21 17:24:16,53.5739,142.9478,20.44,95,84,11.27
523,High Level,CA,2022-11-21 17:24:16,58.5169,-117.136,19.51,100,20,5.75
524,Shenkursk,RU,2022-11-21 17:24:17,62.1091,42.896,11.12,96,35,2.13
525,Panjab,AF,2022-11-21 17:24:18,34.388,67.0233,15.26,82,0,5.3
526,Camacha,PT,2022-11-21 17:24:18,33.0833,-16.3333,65.62,68,40,12.66
527,Buraydah,SA,2022-11-21 17:24:18,26.326,43.975,66.65,35,0,7.09
528,Roald,NO,2022-11-21 17:24:19,62.5833,6.1333,37.54,38,0,18.41
529,Neuquen,AR,2022-11-21 17:24:19,-38.9516,-68.0591,73.29,17,0,6.91
530,Rozivka,UA,2022-11-21 17:24:20,46.9385,35.7724,63.81,52,100,18.07
531,Svetlyy,RU,2022-11-21 17:24:21,54.675,20.1347,28.45,87,97,7.65
532,Tosya,TR,2022-11-21 17:24:22,41.0155,34.0401,54.55,62,96,3.89
533,Los Llanos De Aridane,ES,2022-11-21 17:24:22,28.6585,-17.9182,70.12,77,75,12.66
534,Dauphin,CA,2022-11-21 17:24:23,51.1494,-100.0502,23.14,68,0,6.91
535,Pevek,RU,2022-11-21 17:24:23,69.7008,170.3133,-5.49,97,100,9.4
536,Gravdal,NO,2022-11-21 17:24:24,68.1214,13.5031,30.09,86,0,2.3
537,Carballo,ES,2022-11-21 17:24:25,43.213,-8.691,53.87,82,67,12.95
538,Nishihara,JP,2022-11-21 17:24:25,26.1842,127.7558,70.88,88,0,3.44
539,Frontera,MX,2022-11-21 17:24:26,26.9333,-101.45,48.33,76,100,0.0
540,Yaan,NG,2022-11-21 17:24:28,7.3833,8.5667,86.07,33,60,3.58
541,Reutlingen,DE,2022-11-21 17:24:28,48.4914,9.2043,41.4,90,96,6.04
542,Prieska,ZA,2022-11-21 17:24:28,-29.6641,22.7474,87.03,13,100,13.85
543,Rocha,UY,2022-11-21 17:24:29,-34.4833,-54.3333,67.28,96,100,4.27
544,Aranos,NA,2022-11-21 17:21:27,-24.1333,19.1167,82.11,29,89,19.33
545,Khandbari,NP,2022-11-21 17:24:30,27.3747,87.2039,57.92,72,1,2.57
546,Aktash,RU,2022-11-21 17:24:30,50.3,87.7333,6.26,84,100,4.5
547,Cabedelo,BR,2022-11-21 17:24:31,-6.9811,-34.8339,81.27,69,58,12.73
548,Tautira,PF,2022-11-21 17:24:31,-17.7333,-149.15,77.41,78,42,13.85
549,Bonoua,CI,2022-11-21 17:24:32,5.2741,-3.595,83.82,76,46,6.26
550,Mega,ET,2022-11-21 17:24:32,4.05,38.3,65.62,62,91,13.15
551,Les Trois-Bassins,RE,2022-11-21 17:24:33,-21.1,55.3,67.93,75,2,7.29
552,Gerash,IR,2022-11-21 17:24:34,27.6652,54.1371,62.74,43,66,2.13
553,Rozhyshche,UA,2022-11-21 17:24:34,50.9154,25.2691,35.37,90,100,3.11
554,Tulum,MX,2022-11-21 17:24:35,20.2167,-87.4667,81.99,76,98,2.06
555,Bantry,IE,2022-11-21 17:25:36,51.6833,-9.45,49.78,82,67,26.71
556,Sovetskiy,RU,2022-11-21 17:25:37,61.3614,63.5842,12.25,82,91,10.13
557,Shaowu,CN,2022-11-21 17:25:37,27.3409,117.4831,67.6,88,67,1.86
558,Dunedin,NZ,2022-11-21 17:24:21,-45.8742,170.5036,50.81,82,93,3.96
559,Sisimiut,GL,2022-11-21 17:25:38,66.9395,-53.6735,19.89,92,100,9.84
560,Mount Isa,AU,2022-11-21 17:25:40,-20.7333,139.5,76.77,20,75,12.66
561,Chhabra,IN,2022-11-21 17:25:40,24.6667,76.8333,63.43,37,1,4.29
562,Hit,IQ,2022-11-21 17:25:40,33.6416,42.8251,67.75,37,78,5.93
563,Finschhafen,PG,2022-11-21 17:25:41,-6.6024,147.8681,80.08,82,70,4.97
564,Bathsheba,BB,2022-11-21 17:25:41,13.2167,-59.5167,83.01,83,40,16.11
565,Capao Bonito,BR,2022-11-21 17:25:42,-24.0058,-48.3494,87.4,32,95,3.71
566,Pilar,BR,2022-11-21 17:25:42,-9.5972,-35.9567,85.93,52,64,12.26
567,Sinnamary,GF,2022-11-21 17:25:43,5.3833,-52.95,86.14,65,23,13.85
568,Zemio,CF,2022-11-21 17:25:43,5.0314,25.1361,78.15,41,98,2.91
569,Medeiros Neto,BR,2022-11-21 17:25:44,-17.3739,-40.2206,75.83,85,100,7.94
570,Pandan,PH,2022-11-21 17:25:44,14.0453,124.1694,79.21,89,88,10.6
571,Santa Rosa,PH,2022-11-21 17:25:45,14.3122,121.1114,80.11,89,92,9.17
572,Gladstone,AU,2022-11-21 17:25:45,-23.85,151.25,78.73,89,100,4.61
