City_ID,City,Country,Date,Lat,Lng,Max Temp,Humidity,Cloudiness,Wind Speed,Description
0,Hermanus,ZA,2022-11-24 17:42:48,-34.4187,19.2345,60.8,56,88,10.27,overcast clouds
1,Mount Isa,AU,2022-11-24 17:42:48,-20.7333,139.5,74.97,38,40,4.61,scattered clouds
2,Hambantota,LK,2022-11-24 17:42:49,6.1241,81.1185,76.77,85,80,8.52,broken clouds
3,Carnarvon,AU,2022-11-24 17:42:49,-24.8667,113.6333,68.16,75,0,20.71,clear sky
4,Souris,CA,2022-11-24 17:42:50,49.6172,-100.2612,26.46,86,96,9.93,overcast clouds
5,Leningradskiy,RU,2022-11-24 17:42:50,69.3833,178.4167,6.13,95,100,7.83,light snow
6,Honiara,SB,2022-11-24 17:42:51,-9.4333,159.95,77.22,86,7,4.47,clear sky
7,Arraial Do Cabo,BR,2022-11-24 17:42:51,-22.9661,-42.0278,73.36,94,75,6.91,light rain
8,Shunyi,CN,2022-11-24 17:42:52,40.125,116.6453,42.75,100,100,2.24,mist
9,Castro,BR,2022-11-24 17:42:52,-24.7911,-50.0119,74.08,57,65,5.28,broken clouds
10,Vila,PT,2022-11-24 17:42:52,42.0304,-8.1588,47.28,95,98,4.88,overcast clouds
11,Yellowknife,CA,2022-11-24 17:42:53,62.456,-114.3525,21.72,100,100,11.5,light snow
12,Husavik,IS,2022-11-24 17:42:53,66.0449,-17.3389,40.01,96,100,20.49,overcast clouds
13,Barcelona,ES,2022-11-24 17:42:54,41.3888,2.159,63.84,68,20,10.36,few clouds
14,Busselton,AU,2022-11-24 17:42:54,-33.65,115.3333,57.09,84,32,1.99,scattered clouds
15,Hobart,AU,2022-11-24 17:42:54,-42.8794,147.3294,51.66,80,100,9.22,overcast clouds
16,Thompson,CA,2022-11-24 17:42:55,55.7435,-97.8558,24.96,80,75,11.5,broken clouds
17,Malinyi,TZ,2022-11-24 17:42:55,-8.9333,36.1333,80.19,52,87,2.28,overcast clouds
18,Yerbogachen,RU,2022-11-24 17:42:56,61.2767,108.0108,-21.93,100,74,4.07,broken clouds
19,Nanakuli,US,2022-11-24 17:42:56,21.3906,-158.1547,70.11,73,75,5.75,light rain
20,Lagoa,PT,2022-11-24 17:42:56,39.05,-27.9833,60.71,58,64,14.12,broken clouds
21,Victoria,HK,2022-11-24 17:40:52,22.2855,114.1577,72.18,92,100,11.01,overcast clouds
22,Leh,IN,2022-11-24 17:42:57,34.1667,77.5833,14.92,39,0,2.55,clear sky
23,Sola,VU,2022-11-24 17:42:57,-13.8833,167.55,81.63,71,60,7.83,broken clouds
24,Avarua,CK,2022-11-24 17:42:58,-21.2078,-159.775,75.25,78,75,6.91,broken clouds
25,Vaini,TO,2022-11-24 17:42:58,-21.2,-175.2,71.76,94,40,1.14,scattered clouds
26,Dalbandin,PK,2022-11-24 17:42:59,28.8947,64.4101,58.62,17,4,3.6,clear sky
27,Hilo,US,2022-11-24 17:42:59,19.7297,-155.09,71.11,87,0,6.91,clear sky
28,Saskylakh,RU,2022-11-24 17:43:00,71.9167,114.0833,-19.3,94,100,6.8,overcast clouds
29,Okhotsk,RU,2022-11-24 17:43:00,59.3833,143.3,-0.08,94,100,16.4,overcast clouds
30,Bombay,IN,2022-11-24 17:38:15,19.0144,72.8479,82.38,54,3,6.91,smoke
31,Kushiro,JP,2022-11-24 17:43:01,42.975,144.3747,37.47,83,84,5.37,broken clouds
32,Green Valley,US,2022-11-24 17:40:01,31.8543,-110.9937,58.44,27,0,3.0,clear sky
33,Rikitea,PF,2022-11-24 17:43:02,-23.1203,-134.9692,74.03,82,100,9.37,overcast clouds
34,Mataura,NZ,2022-11-24 17:43:02,-46.1927,168.8643,43.41,99,84,6.29,broken clouds
35,Luganville,VU,2022-11-24 17:43:03,-15.5333,167.1667,78.55,83,30,3.8,scattered clouds
36,Olafsvik,IS,2022-11-24 17:43:04,64.8945,-23.7142,42.12,86,100,26.35,overcast clouds
37,Mayumba,GA,2022-11-24 17:43:04,-3.432,10.6554,78.55,86,97,8.55,light rain
38,Pacific Grove,US,2022-11-24 17:43:05,36.6177,-121.9166,66.38,57,0,3.0,clear sky
39,Ushuaia,AR,2022-11-24 17:43:05,-54.8,-68.3,56.86,41,75,23.02,broken clouds
40,Beira,MZ,2022-11-24 17:43:06,-19.8436,34.8389,80.69,78,0,12.66,clear sky
41,Port Elizabeth,ZA,2022-11-24 17:43:07,-33.918,25.5701,66.09,73,20,20.71,few clouds
42,Chokurdakh,RU,2022-11-24 17:43:08,70.6333,147.9167,-33.14,100,70,3.09,broken clouds
43,Airai,TL,2022-11-24 17:43:08,-8.9266,125.4092,61.81,92,100,1.36,overcast clouds
44,Iwaki,JP,2022-11-24 17:40:18,37.05,140.8833,51.76,76,97,1.01,overcast clouds
45,Albany,US,2022-11-24 17:43:09,42.6001,-73.9662,47.39,59,9,1.99,clear sky
46,Bondo,CD,2022-11-24 17:44:09,3.8146,23.6866,72.68,84,83,2.73,broken clouds
47,Bredasdorp,ZA,2022-11-24 17:44:10,-34.5322,20.0403,59.7,54,97,11.68,overcast clouds
48,Hithadhoo,MV,2022-11-24 17:44:10,-0.6,73.0833,81.86,75,18,11.97,few clouds
49,Itarema,BR,2022-11-24 17:44:11,-2.9248,-39.9167,85.6,56,51,18.7,broken clouds
50,Khatanga,RU,2022-11-24 17:44:12,71.9667,102.5,-32.89,96,68,8.75,broken clouds
51,Abha,SA,2022-11-24 17:44:12,18.2164,42.5053,58.82,72,0,6.91,clear sky
52,Georgetown,MY,2022-11-24 17:39:31,5.4112,100.3354,82.24,89,40,2.3,scattered clouds
53,Champerico,GT,2022-11-24 17:44:13,14.3,-91.9167,90.14,71,76,5.01,broken clouds
54,Banska Stiavnica,SK,2022-11-24 17:44:14,48.4486,18.91,34.59,87,100,4.07,overcast clouds
55,Clyde River,CA,2022-11-24 17:44:14,70.4692,-68.5914,-9.17,64,0,6.91,clear sky
56,Bambanglipuro,ID,2022-11-24 17:44:15,-7.95,110.2833,76.91,88,100,2.55,overcast clouds
57,Alugan,PH,2022-11-24 17:44:15,12.2188,125.4808,80.35,85,42,11.23,scattered clouds
58,Kavieng,PG,2022-11-24 17:44:16,-2.5744,150.7967,81.82,70,90,7.09,overcast clouds
59,Groningen,NL,2022-11-24 17:43:09,53.25,6.75,46.17,90,49,8.05,scattered clouds
60,Tasiilaq,GL,2022-11-24 17:44:17,65.6145,-37.6368,33.96,58,90,13.6,overcast clouds
61,East London,ZA,2022-11-24 17:44:17,-33.0153,27.9116,67.14,68,0,19.57,clear sky
62,Umm Lajj,SA,2022-11-24 17:44:18,25.0213,37.2685,77.52,69,1,6.6,clear sky
63,Aklavik,CA,2022-11-24 17:44:18,68.2191,-135.0107,1.4,85,100,0.0,light snow
64,Ndjole,GA,2022-11-24 17:44:19,-0.1783,10.7649,76.35,95,100,3.04,light rain
65,Jamestown,US,2022-11-24 17:43:37,42.097,-79.2353,49.59,49,0,11.5,clear sky
66,Shenjiamen,CN,2022-11-24 17:44:20,29.9576,122.298,62.19,69,29,8.16,scattered clouds
67,New Norfolk,AU,2022-11-24 17:44:20,-42.7826,147.0587,51.3,67,54,1.01,broken clouds
68,Punta Arenas,CL,2022-11-24 17:41:09,-53.15,-70.9167,55.51,44,40,40.29,scattered clouds
69,Saldanha,ZA,2022-11-24 17:44:21,-33.0117,17.9442,64.45,71,41,18.68,scattered clouds
70,Qaanaaq,GL,2022-11-24 17:44:22,77.484,-69.3632,8.53,95,99,3.02,overcast clouds
71,Atuona,PF,2022-11-24 17:44:22,-9.8,-139.0333,77.65,75,7,14.09,clear sky
72,Bambous Virieux,MU,2022-11-24 17:44:23,-20.3428,57.7575,77.25,73,20,8.05,few clouds
73,Kushima,JP,2022-11-24 17:44:23,31.4583,131.2333,56.14,83,0,3.98,clear sky
74,Samarai,PG,2022-11-24 17:44:24,-10.6167,150.6667,83.21,74,69,9.44,broken clouds
75,Aden,YE,2022-11-24 17:43:05,12.7794,45.0367,79.7,72,0,15.32,clear sky
76,Whitianga,NZ,2022-11-24 17:44:25,-36.8333,175.7,56.12,71,34,15.64,scattered clouds
77,Kaitangata,NZ,2022-11-24 17:44:25,-46.2817,169.8464,46.71,82,92,10.94,overcast clouds
78,Quatre Cocos,MU,2022-11-24 17:44:26,-20.2078,57.7625,77.11,71,3,13.8,clear sky
79,Saint George,US,2022-11-24 17:44:26,37.1041,-113.5841,52.43,35,0,11.5,clear sky
80,Kahului,US,2022-11-24 17:44:27,20.8947,-156.47,72.84,88,40,27.63,light rain
81,Annapolis,US,2022-11-24 17:40:30,38.9785,-76.4922,60.98,54,0,5.75,clear sky
82,Kozhva,RU,2022-11-24 17:44:28,65.1073,57.0459,1.8,99,94,2.35,overcast clouds
83,Talnakh,RU,2022-11-24 17:44:28,69.4865,88.3972,-31.43,96,55,2.8,broken clouds
84,San Quintin,MX,2022-11-24 17:44:29,30.4833,-115.95,69.19,31,0,5.73,clear sky
85,Puerto Cabezas,NI,2022-11-24 17:44:29,14.0351,-83.3888,85.96,74,75,9.22,broken clouds
86,Shingu,JP,2022-11-24 17:44:30,33.7333,135.9833,50.36,80,12,7.34,few clouds
87,Mahebourg,MU,2022-11-24 17:44:30,-20.4081,57.7,77.29,73,20,8.05,few clouds
88,Mecca,SA,2022-11-24 17:44:38,21.4267,39.8261,80.17,61,8,14.32,clear sky
89,Petropavlovsk-Kamchatskiy,RU,2022-11-24 17:45:31,53.0452,158.6483,27.19,54,40,11.18,scattered clouds
90,Caramay,PH,2022-11-24 17:45:32,10.1815,119.236,78.76,84,92,1.95,heavy intensity rain
91,Kodiak,US,2022-11-24 17:45:32,57.79,-152.4072,38.71,48,0,14.97,clear sky
92,Inongo,CD,2022-11-24 17:45:32,-1.95,18.2667,77.59,75,93,2.15,overcast clouds
93,Nome,US,2022-11-24 17:45:33,64.5011,-165.4064,24.87,81,100,11.5,light snow
94,Adrar,MR,2022-11-24 17:45:33,20.5022,-10.0711,77.61,13,76,8.39,broken clouds
95,Narsaq,GL,2022-11-24 17:45:34,60.9167,-46.05,41.22,67,59,9.64,broken clouds
96,Elat,IL,2022-11-24 17:44:34,29.5581,34.9482,69.64,94,20,2.3,haze
97,Dunedin,NZ,2022-11-24 17:44:29,-45.8742,170.5036,47.8,74,80,5.01,broken clouds
98,Sao Filipe,CV,2022-11-24 17:45:35,14.8961,-24.4956,77.68,59,83,11.56,broken clouds
99,Constitucion,CL,2022-11-24 17:45:35,-35.3333,-72.4167,66.99,68,100,6.53,overcast clouds
100,Ribeira Grande,PT,2022-11-24 17:45:36,38.5167,-28.7,63.0,59,75,13.0,broken clouds
101,Salinopolis,BR,2022-11-24 17:45:36,-0.6136,-47.3561,84.09,62,85,12.21,overcast clouds
102,Cidreira,BR,2022-11-24 17:45:36,-30.1811,-50.2056,71.62,53,0,9.22,clear sky
103,Mikkeli,FI,2022-11-24 17:45:37,61.6886,27.2723,21.31,93,100,9.22,overcast clouds
104,Inhambane,MZ,2022-11-24 17:45:37,-23.865,35.3833,78.78,69,0,9.22,clear sky
105,Katsuura,JP,2022-11-24 17:45:38,35.1333,140.3,57.83,81,100,13.85,overcast clouds
106,Brae,GB,2022-11-24 17:45:38,60.3964,-1.353,48.47,84,41,24.45,scattered clouds
107,Lyman,UA,2022-11-24 17:45:39,48.9884,37.8023,38.98,73,100,10.96,overcast clouds
108,Komsomolskiy,UZ,2022-11-24 17:45:39,40.4272,71.7189,43.52,81,100,4.61,mist
109,Mounana,GA,2022-11-24 17:45:40,-1.4085,13.1586,72.84,94,88,1.59,overcast clouds
110,Longyearbyen,SJ,2022-11-24 17:45:40,78.2186,15.6401,30.04,80,75,4.61,broken clouds
111,Baykit,RU,2022-11-24 17:45:41,61.67,96.37,-11.85,99,100,1.14,overcast clouds
112,Karratha,AU,2022-11-24 17:45:41,-20.7377,116.8463,79.99,57,100,3.83,overcast clouds
113,Cape Town,ZA,2022-11-24 17:43:12,-33.9258,18.4232,64.27,55,20,16.11,few clouds
114,Atambua,ID,2022-11-24 17:45:42,-9.1061,124.8925,75.85,80,100,2.28,overcast clouds
115,Bluff,NZ,2022-11-24 17:45:42,-46.6,168.3333,50.07,78,74,15.64,broken clouds
116,Palmer,US,2022-11-24 17:45:43,42.1584,-72.3287,47.5,52,0,6.91,clear sky
117,Khandyga,RU,2022-11-24 17:45:43,62.6667,135.6,-39.82,100,100,0.49,overcast clouds
118,Fairbanks,US,2022-11-24 17:45:32,64.8378,-147.7164,14.34,82,100,0.0,mist
119,San Andres,CO,2022-11-24 17:45:43,12.5847,-81.7006,86.02,74,40,13.8,scattered clouds
120,Katobu,ID,2022-11-24 17:45:44,-4.9408,122.5276,75.13,92,79,0.54,broken clouds
121,Broome,US,2022-11-24 17:45:44,42.2506,-75.833,53.46,51,0,9.22,clear sky
122,Axim,GH,2022-11-24 17:45:45,4.8699,-2.2405,79.93,77,71,8.16,broken clouds
123,Port Alfred,ZA,2022-11-24 17:45:45,-33.5906,26.891,65.17,76,100,4.0,overcast clouds
124,Padang,ID,2022-11-24 17:45:46,-0.9492,100.3543,73.45,87,100,4.36,moderate rain
125,Tazovskiy,RU,2022-11-24 17:45:46,67.4667,78.7,-34.78,100,28,3.02,scattered clouds
126,Sur,OM,2022-11-24 17:45:46,22.5667,59.5289,76.24,48,26,1.43,scattered clouds
127,Manacor,ES,2022-11-24 17:45:47,39.5696,3.2096,62.38,77,75,7.81,broken clouds
128,Ponta Do Sol,PT,2022-11-24 17:45:47,32.6667,-17.1,71.01,66,98,2.59,overcast clouds
129,Bairiki,KI,2022-11-24 17:45:48,1.3292,172.9752,80.6,83,40,4.61,scattered clouds
130,Luderitz,NA,2022-11-24 17:45:48,-26.6481,15.1594,64.99,62,0,23.6,clear sky
131,Kununurra,AU,2022-11-24 17:45:49,-15.7667,128.7333,78.78,89,97,5.75,overcast clouds
132,Launceston,AU,2022-11-24 17:45:49,-41.45,147.1667,51.44,71,100,8.05,overcast clouds
133,Berlevag,NO,2022-11-24 17:45:50,70.8578,29.0864,24.8,73,16,21.85,few clouds
134,Tupelo,US,2022-11-24 17:46:50,34.2576,-88.7034,70.09,54,0,11.5,clear sky
135,Presque Isle,US,2022-11-24 17:46:51,46.6811,-68.0159,29.28,49,0,4.61,clear sky
136,Beloha,MG,2022-11-24 17:46:51,-25.1667,45.05,74.89,81,84,6.04,broken clouds
137,Truro,GB,2022-11-24 17:46:52,50.2653,-5.0544,52.99,80,40,17.27,scattered clouds
138,Middelburg,ZA,2022-11-24 17:46:53,-25.7751,29.4648,70.72,52,68,1.57,broken clouds
139,Hirara,JP,2022-11-24 17:46:53,24.8,125.2833,76.62,82,96,19.91,overcast clouds
140,Tiksi,RU,2022-11-24 17:46:54,71.6872,128.8694,-20.61,99,99,5.84,overcast clouds
141,Gwanda,ZW,2022-11-24 17:46:54,-20.9333,29.0,82.15,33,98,9.1,overcast clouds
142,Hualmay,PE,2022-11-24 17:46:55,-11.0964,-77.6139,72.86,70,23,8.37,few clouds
143,Nanae,JP,2022-11-24 17:46:55,41.8833,140.6833,37.72,80,6,5.48,clear sky
144,North Bend,US,2022-11-24 17:46:56,43.4065,-124.2243,47.86,76,0,5.75,clear sky
145,Saint-Philippe,RE,2022-11-24 17:46:56,-21.3585,55.7679,76.59,79,27,11.01,scattered clouds
146,Acapulco,MX,2022-11-24 17:46:57,16.8634,-99.8901,83.86,66,82,6.17,broken clouds
147,Maumere,ID,2022-11-24 17:44:26,-8.6199,122.2111,80.67,77,90,2.24,overcast clouds
148,Avera,US,2022-11-24 17:46:57,33.194,-82.5271,63.91,48,100,9.04,overcast clouds
149,Mount Gambier,AU,2022-11-24 17:46:58,-37.8333,140.7667,45.3,94,38,3.06,scattered clouds
150,Biskamzha,RU,2022-11-24 17:46:59,53.4497,89.5272,-5.84,99,98,2.57,overcast clouds
151,Vardo,NO,2022-11-24 17:46:59,70.3705,31.1107,26.58,86,75,14.97,broken clouds
152,Mongo,TD,2022-11-24 17:47:00,12.1844,18.693,82.8,20,35,6.35,scattered clouds
153,Barrow,US,2022-11-24 17:47:00,71.2906,-156.7887,10.42,85,100,9.22,light snow
154,Yumen,CN,2022-11-24 17:47:01,40.2833,97.2,31.41,44,100,1.95,overcast clouds
155,Amapa,BR,2022-11-24 17:47:01,1.0,-52.0,88.41,54,100,6.69,overcast clouds
156,Nabire,ID,2022-11-24 17:47:01,-3.3667,135.4833,76.12,90,72,2.73,broken clouds
157,Hasaki,JP,2022-11-24 17:47:02,35.7333,140.8333,55.22,59,100,15.05,overcast clouds
158,Upernavik,GL,2022-11-24 17:47:03,72.7868,-56.1549,13.46,91,100,7.16,overcast clouds
159,Klaksvik,FO,2022-11-24 17:47:04,62.2266,-6.589,47.32,88,8,16.55,clear sky
160,Ahipara,NZ,2022-11-24 17:47:04,-35.1667,173.1667,59.32,70,18,16.42,few clouds
161,Vila Velha,BR,2022-11-24 17:42:54,-20.3297,-40.2925,73.35,97,100,11.5,moderate rain
162,Tuktoyaktuk,CA,2022-11-24 17:47:05,69.4541,-133.0374,-4.0,84,20,6.91,few clouds
163,Bethel,US,2022-11-24 17:46:55,41.3712,-73.414,51.03,59,0,5.75,clear sky
164,Bilibino,RU,2022-11-24 17:47:06,68.0546,166.4372,-8.72,94,100,4.23,overcast clouds
165,Faanui,PF,2022-11-24 17:47:07,-16.4833,-151.75,78.51,78,28,14.5,light rain
166,Kapaa,US,2022-11-24 17:47:07,22.0752,-159.319,73.38,85,100,28.77,moderate rain
167,Twentynine Palms,US,2022-11-24 17:47:08,34.1356,-116.0542,63.91,17,6,4.0,clear sky
168,Kenai,US,2022-11-24 17:47:09,60.5544,-151.2583,21.15,90,0,4.61,fog
169,Thinadhoo,MV,2022-11-24 17:47:09,0.5333,72.9333,82.09,74,61,13.56,broken clouds
170,Dingle,PH,2022-11-24 17:47:10,10.9995,122.6711,76.24,93,61,7.2,broken clouds
171,Antalaha,MG,2022-11-24 17:47:10,-14.9003,50.2788,72.55,90,3,6.33,light rain
172,Le Port,RE,2022-11-24 17:47:11,-20.9373,55.2919,77.0,70,42,5.26,scattered clouds
173,Gamba,GA,2022-11-24 17:47:11,-2.65,10.0,77.67,87,99,8.25,light rain
174,Cabedelo,BR,2022-11-24 17:47:12,-6.9811,-34.8339,86.67,67,10,11.34,clear sky
175,Esperance,AU,2022-11-24 17:47:12,-33.8667,121.9,62.04,86,100,5.91,light rain
176,Cockburn Town,TC,2022-11-24 17:47:13,21.4612,-71.1419,81.23,74,5,14.85,clear sky
177,Marsh Harbour,BS,2022-11-24 17:47:13,26.5412,-77.0636,79.79,70,74,10.4,broken clouds
178,Alanya,TR,2022-11-24 17:48:14,36.5438,31.9998,53.73,76,73,9.31,moderate rain
179,Loksa,EE,2022-11-24 17:48:14,59.5764,25.7214,30.54,85,100,8.63,overcast clouds
180,Urumqi,CN,2022-11-24 17:48:15,43.801,87.6005,25.75,93,40,2.24,scattered clouds
181,Serebryanyy Bor,RU,2022-11-24 17:48:15,56.8,124.8,-18.35,100,100,0.89,overcast clouds
182,Flinders,AU,2022-11-24 17:48:16,-34.5833,150.8552,60.39,85,75,4.43,broken clouds
183,Batticaloa,LK,2022-11-24 17:48:17,7.7102,81.6924,78.98,78,95,6.29,overcast clouds
184,Nizwa,OM,2022-11-24 17:48:17,22.9333,57.5333,74.48,35,1,7.74,clear sky
185,Tete,MZ,2022-11-24 17:48:18,-16.1564,33.5867,73.49,83,75,28.77,thunderstorm with heavy rain
186,Lorengau,PG,2022-11-24 17:48:18,-2.0226,147.2712,80.85,70,62,4.61,broken clouds
187,La Romana,DO,2022-11-24 17:48:19,18.4273,-68.9728,88.16,70,75,11.5,broken clouds
188,Geraldton,AU,2022-11-24 17:48:19,-28.7667,114.6,59.41,72,2,6.91,clear sky
189,Pondicherry,IN,2022-11-24 17:48:20,11.93,79.83,78.53,81,84,5.39,broken clouds
190,Bac Lieu,VN,2022-11-24 17:48:20,9.285,105.7244,78.57,85,62,5.97,broken clouds
191,Kirakira,SB,2022-11-24 17:48:21,-10.4544,161.9205,78.8,85,28,5.55,scattered clouds
192,Boulder City,US,2022-11-24 17:48:21,35.9786,-114.8325,58.28,21,0,19.57,clear sky
193,Dikson,RU,2022-11-24 17:48:22,73.5069,80.5464,-11.9,93,100,20.27,overcast clouds
194,Dodge City,US,2022-11-24 17:48:22,37.7528,-100.0171,46.24,60,20,29.93,few clouds
195,Bengkulu,ID,2022-11-24 17:48:23,-3.8004,102.2655,75.58,90,100,5.55,overcast clouds
196,Provideniya,RU,2022-11-24 17:48:23,64.3833,-173.3,18.12,89,99,15.99,overcast clouds
197,Ampanihy,MG,2022-11-24 17:48:24,-24.7,44.75,74.7,76,89,4.68,overcast clouds
198,La Ronge,CA,2022-11-24 17:45:47,55.1001,-105.2842,28.65,74,75,6.91,broken clouds
199,Beyneu,KZ,2022-11-24 17:48:25,45.3167,55.2,41.79,77,0,8.34,clear sky
200,Itoman,JP,2022-11-24 17:48:25,26.1247,127.6694,71.62,78,62,5.75,broken clouds
201,Roald,NO,2022-11-24 17:48:26,62.5833,6.1333,49.12,57,0,17.27,clear sky
202,Nyimba,ZM,2022-11-24 17:48:27,-14.5566,30.8149,75.04,64,93,7.65,overcast clouds
203,Muros,ES,2022-11-24 17:48:27,42.7762,-9.0603,59.16,90,100,13.47,overcast clouds
204,Swellendam,ZA,2022-11-24 17:48:27,-34.0226,20.4417,59.92,61,92,7.72,overcast clouds
205,Pemba,MZ,2022-11-24 17:48:28,-12.974,40.5178,79.59,78,6,14.23,clear sky
206,Fonte Boa,BR,2022-11-24 17:48:28,-2.4959,-66.2662,84.78,60,85,5.75,overcast clouds
207,Lensk,RU,2022-11-24 17:48:29,60.7253,114.9278,-8.32,100,100,2.26,overcast clouds
208,Maniitsoq,GL,2022-11-24 17:48:29,65.4167,-52.9,24.4,52,94,5.3,overcast clouds
209,Coquimbo,CL,2022-11-24 17:47:14,-29.9533,-71.3436,65.93,68,20,13.8,few clouds
210,Sorgun,TR,2022-11-24 17:48:30,39.8101,35.186,49.95,69,90,15.84,overcast clouds
211,Puerto Ayora,EC,2022-11-24 17:48:31,-0.7393,-90.3518,76.96,87,71,3.0,broken clouds
212,Manokwari,ID,2022-11-24 17:48:32,-0.8667,134.0833,79.09,75,100,1.48,overcast clouds
213,Port Hardy,CA,2022-11-24 17:48:32,50.6996,-127.4199,46.58,100,100,19.57,light rain
214,Gelibolu,TR,2022-11-24 17:48:33,40.4103,26.6708,55.26,76,5,7.11,clear sky
215,Baykalovo,RU,2022-11-24 17:48:33,57.3981,63.7684,8.51,87,100,8.3,overcast clouds
216,Antofagasta,CL,2022-11-24 17:47:44,-23.65,-70.4,67.28,61,3,9.62,clear sky
217,Mar Del Plata,AR,2022-11-24 17:47:06,-38.0023,-57.5575,77.02,58,0,16.11,clear sky
218,Oni,GE,2022-11-24 17:48:34,42.5794,43.4425,51.28,51,47,5.37,scattered clouds
219,Palu,ID,2022-11-24 17:48:35,-0.8917,119.8707,75.94,94,100,2.95,overcast clouds
220,Shamary,RU,2022-11-24 17:48:35,57.3434,58.2199,16.48,88,100,9.89,overcast clouds
221,Tambopata,PE,2022-11-24 17:48:36,-12.7333,-69.1833,89.49,66,20,2.3,few clouds
222,Eberbach,DE,2022-11-24 17:48:36,49.4694,8.9928,47.19,90,20,1.99,few clouds
223,Butaritari,KI,2022-11-24 17:48:37,3.0707,172.7902,79.84,75,71,7.05,broken clouds
224,Humaita,BR,2022-11-24 17:49:37,-7.5061,-63.0208,80.55,79,99,0.63,overcast clouds
225,Jinchang,CN,2022-11-24 17:49:38,38.4953,102.1739,33.98,36,6,2.77,clear sky
226,Margate,GB,2022-11-24 17:47:44,51.3813,1.3862,55.31,85,98,11.01,overcast clouds
227,Guhagar,IN,2022-11-24 17:49:38,17.4842,73.1929,75.76,63,30,4.36,scattered clouds
228,Ruteng,ID,2022-11-24 17:49:39,-8.6136,120.4721,63.09,90,100,0.58,overcast clouds
229,Ferkessedougou,CI,2022-11-24 17:49:39,9.6,-5.2,83.07,22,76,3.8,broken clouds
230,Springbok,ZA,2022-11-24 17:49:40,-29.6643,17.8865,60.03,54,0,10.51,clear sky
231,Dwarka,IN,2022-11-24 17:49:40,22.2394,68.9678,77.68,47,63,10.42,broken clouds
232,Olga,RU,2022-11-24 17:49:40,43.7444,135.2892,30.42,75,38,1.34,scattered clouds
233,Port Blair,IN,2022-11-24 17:49:41,11.6667,92.75,78.93,81,100,6.31,light rain
234,Tuatapere,NZ,2022-11-24 17:49:41,-46.1333,167.6833,46.22,92,96,9.19,overcast clouds
235,Chimore,BO,2022-11-24 17:49:42,-16.9833,-65.1333,96.82,28,100,3.44,overcast clouds
236,Port-Gentil,GA,2022-11-24 17:49:43,-0.7193,8.7815,80.56,89,75,12.66,thunderstorm with light rain
237,Dalby,AU,2022-11-24 17:49:43,-27.1833,151.2667,61.54,48,49,5.68,scattered clouds
238,Sattahip,TH,2022-11-24 17:49:43,12.6664,100.9007,82.98,89,40,4.61,light rain
239,Trairi,BR,2022-11-24 17:47:36,-3.2778,-39.2689,85.42,56,40,15.08,scattered clouds
240,Touros,BR,2022-11-24 17:49:44,-5.1989,-35.4608,83.57,64,41,14.09,scattered clouds
241,Buchanan,LR,2022-11-24 17:49:44,5.8808,-10.0467,79.14,80,96,5.61,light rain
242,San Jeronimo,PE,2022-11-24 17:49:45,-11.9472,-75.2829,60.31,55,66,6.73,broken clouds
243,Limpapa,PH,2022-11-24 17:49:45,7.1197,121.9106,77.32,82,96,1.52,overcast clouds
244,Petawawa,CA,2022-11-24 17:45:47,45.9001,-77.3328,38.79,73,100,10.36,overcast clouds
245,Panama City,PA,2022-11-24 17:45:41,8.9936,-79.5197,85.95,79,40,6.91,scattered clouds
246,Boende,CD,2022-11-24 17:49:46,-0.2167,20.8667,74.86,85,61,1.54,broken clouds
247,Mpulungu,ZM,2022-11-24 17:49:46,-8.7623,31.1141,73.69,80,71,3.42,light rain
248,College,US,2022-11-24 17:49:47,64.8569,-147.8028,14.32,82,100,0.0,mist
249,Mahanoro,MG,2022-11-24 17:49:47,-19.9,48.8,74.05,80,71,4.45,broken clouds
250,Lebu,CL,2022-11-24 17:49:48,-37.6167,-73.65,60.3,71,100,20.42,overcast clouds
251,Barrancas,CO,2022-11-24 17:49:48,10.9576,-72.7877,81.68,85,42,5.37,scattered clouds
252,Wakiso,UG,2022-11-24 17:49:49,0.4044,32.4594,72.95,95,81,2.01,light rain
253,Sanmenxia,CN,2022-11-24 17:49:50,34.7747,111.1814,49.64,73,53,4.07,broken clouds
254,Sioux Lookout,CA,2022-11-24 17:49:50,50.1001,-91.917,32.07,93,100,5.75,overcast clouds
255,Esik,KZ,2022-11-24 17:49:50,43.3552,77.4525,33.22,67,100,6.62,overcast clouds
256,La Orilla,MX,2022-11-24 17:49:51,17.9833,-102.2333,84.13,63,73,5.66,broken clouds
257,Maraba,BR,2022-11-24 17:49:51,-5.3686,-49.1178,82.58,83,75,1.14,broken clouds
258,Jutai,BR,2022-11-24 17:49:52,-5.1833,-68.9,81.59,84,76,3.2,broken clouds
259,Novaya Lyalya,RU,2022-11-24 17:49:52,59.055,60.599,1.22,97,59,3.85,broken clouds
260,Fort Dodge,US,2022-11-24 17:49:53,42.4975,-94.168,42.93,75,0,11.5,clear sky
261,Solnechnyy,RU,2022-11-24 17:49:53,50.7214,136.6319,11.93,71,10,2.93,clear sky
262,Naze,JP,2022-11-24 17:49:54,28.3667,129.4833,65.32,65,35,9.69,scattered clouds
263,Namibe,AO,2022-11-24 17:49:54,-15.1961,12.1522,76.77,69,26,12.01,scattered clouds
264,Iqaluit,CA,2022-11-24 17:49:55,63.7506,-68.5145,-2.31,77,75,9.22,broken clouds
265,Santa Maria,BR,2022-11-24 17:49:56,-29.6842,-53.8069,83.5,39,0,9.22,clear sky
266,Deputatskiy,RU,2022-11-24 17:49:56,69.3,139.9,-31.09,97,99,4.41,overcast clouds
267,Natal,BR,2022-11-24 17:46:52,-5.795,-35.2094,86.65,65,40,16.11,scattered clouds
268,Pouembout,NC,2022-11-24 17:49:57,-21.1333,164.9,74.88,84,79,7.76,broken clouds
269,Kruisfontein,ZA,2022-11-24 17:49:57,-34.0033,24.7314,63.88,72,99,18.54,overcast clouds
270,Eydhafushi,MV,2022-11-24 17:49:57,5.1033,73.0708,81.34,74,57,8.99,broken clouds
271,Krasnyy Chikoy,RU,2022-11-24 17:49:58,50.3643,108.7512,-2.27,92,97,4.14,overcast clouds
272,Pevek,RU,2022-11-24 17:49:58,69.7008,170.3133,-6.02,95,100,2.42,overcast clouds
273,Skjervoy,NO,2022-11-24 17:50:59,70.0311,20.9714,28.4,64,73,15.77,broken clouds
274,Ardakan,IR,2022-11-24 17:50:59,32.31,54.0175,59.43,30,64,2.1,broken clouds
275,San Patricio,US,2022-11-24 17:51:00,28.017,-97.5169,75.07,96,100,6.89,overcast clouds
276,Kotido,UG,2022-11-24 17:51:00,2.9806,34.1331,76.8,42,56,13.62,broken clouds
277,Yongan,CN,2022-11-24 17:51:00,39.6957,113.6871,37.11,46,67,14.92,broken clouds
278,Labuhan,ID,2022-11-24 17:51:01,-6.8844,112.2051,78.28,86,100,5.17,light rain
279,Richards Bay,ZA,2022-11-24 17:51:01,-28.783,32.0377,74.98,88,4,9.17,clear sky
280,Mitsamiouli,KM,2022-11-24 17:51:02,-11.3847,43.2844,82.69,65,20,23.02,few clouds
281,Simao,CN,2022-11-24 17:51:02,22.7886,100.9748,58.3,85,99,1.23,overcast clouds
282,Roseburg,US,2022-11-24 17:51:03,43.2165,-123.3417,35.71,100,100,0.0,fog
283,Pisco,PE,2022-11-24 17:51:04,-13.7,-76.2167,70.02,83,7,11.5,clear sky
284,Langres,FR,2022-11-24 17:51:04,47.8333,5.3333,41.2,94,70,6.13,broken clouds
285,Muyezerskiy,RU,2022-11-24 17:51:05,63.9333,31.65,13.96,94,100,3.0,overcast clouds
286,Akdepe,TM,2022-11-24 17:51:06,42.0551,59.3788,37.49,46,0,6.64,clear sky
287,Tura,IN,2022-11-24 17:51:06,25.5198,90.2201,62.15,84,0,3.94,clear sky
288,Kudahuvadhoo,MV,2022-11-24 17:51:07,2.6708,72.8944,80.92,79,49,14.52,scattered clouds
289,Sitka,US,2022-11-24 17:51:07,57.0531,-135.33,40.89,56,75,13.8,light rain
290,Shurugwi,ZW,2022-11-24 17:51:08,-19.6702,30.0059,74.53,33,48,7.38,scattered clouds
291,Fort Nelson,CA,2022-11-24 17:51:08,58.8053,-122.7002,23.95,93,100,1.99,mist
292,Sretensk,RU,2022-11-24 17:51:09,52.2453,117.7093,12.76,96,100,2.89,light snow
293,Kurilsk,RU,2022-11-24 17:51:09,45.2333,147.8833,36.81,75,100,2.66,overcast clouds
294,At-Bashi,KG,2022-11-24 17:51:10,41.1702,75.8106,24.39,62,93,2.53,overcast clouds
295,Ilulissat,GL,2022-11-24 17:51:10,69.2167,-51.1,-1.01,83,67,4.85,broken clouds
296,Plettenberg Bay,ZA,2022-11-24 17:51:11,-34.0527,23.3716,61.09,75,100,12.06,light rain
297,Bose,IT,2022-11-24 17:51:12,45.4612,8.0137,49.77,51,55,4.99,broken clouds
298,Taltal,CL,2022-11-24 17:51:12,-25.4,-70.4833,70.25,62,19,6.26,few clouds
299,Guerrero Negro,MX,2022-11-24 17:51:13,27.9769,-114.0611,71.04,23,0,6.17,clear sky
300,Iquitos,PE,2022-11-24 17:51:13,-3.7481,-73.2472,87.84,79,75,5.75,broken clouds
301,Jacareacanga,BR,2022-11-24 17:51:14,-6.2222,-57.7528,73.62,96,100,0.25,overcast clouds
302,Grindavik,IS,2022-11-24 17:51:14,63.8424,-22.4338,44.55,81,0,16.11,clear sky
303,Severo-Kurilsk,RU,2022-11-24 17:51:14,50.6789,156.125,32.4,73,100,6.8,overcast clouds
304,Anadyr,RU,2022-11-24 17:51:15,64.75,177.4833,19.9,85,40,31.32,scattered clouds
305,Moree,AU,2022-11-24 17:51:16,-29.4667,149.85,63.14,48,1,7.58,clear sky
306,Rawson,AR,2022-11-24 17:50:53,-43.3002,-65.1023,65.57,27,86,14.05,overcast clouds
307,Mbuji-Mayi,CD,2022-11-24 17:51:16,-6.15,23.6,75.88,75,82,2.3,light rain
308,Bonthe,SL,2022-11-24 17:51:17,7.5264,-12.505,82.17,71,89,9.37,overcast clouds
309,Conceicao Da Barra,BR,2022-11-24 17:50:51,-18.5933,-39.7322,72.77,94,100,5.1,overcast clouds
310,Hope,US,2022-11-24 17:51:18,33.6671,-93.5916,69.85,99,100,4.05,heavy intensity rain
311,Masingbi,SL,2022-11-24 17:51:18,8.7833,-11.95,79.54,60,78,2.15,broken clouds
312,Yar-Sale,RU,2022-11-24 17:51:19,66.8333,70.8333,-17.73,99,37,7.45,scattered clouds
313,Vengerovo,RU,2022-11-24 17:51:20,55.6848,76.7471,-7.91,98,26,3.0,scattered clouds
314,Repnoye,RU,2022-11-24 17:51:20,51.5921,43.1861,36.03,92,99,3.67,overcast clouds
315,Tsiroanomandidy,MG,2022-11-24 17:51:20,-18.7667,46.0333,69.51,76,80,4.05,light rain
316,Cabo San Lucas,MX,2022-11-24 17:49:56,22.8909,-109.9124,79.05,54,53,2.44,broken clouds
317,Gawler,AU,2022-11-24 17:51:21,-34.6,138.7333,60.26,61,15,8.1,few clouds
318,Halifax,CA,2022-11-24 17:51:22,44.6453,-63.5724,37.22,43,0,18.41,clear sky
319,Maningrida,AU,2022-11-24 17:51:23,-12.0667,134.2667,81.9,71,99,3.56,overcast clouds
320,Nanortalik,GL,2022-11-24 19:49:40,60.1432,-45.2371,28.67,70,64,6.44,broken clouds
321,Nileshwar,IN,2022-11-24 19:49:40,12.25,75.1,76.48,88,88,5.44,overcast clouds
322,Lugo,ES,2022-11-24 19:49:41,43.0,-7.5,50.77,97,97,3.62,overcast clouds
323,La Reforma,MX,2022-11-24 19:49:41,25.0833,-108.05,79.61,29,0,12.19,clear sky
324,Benito Juarez,MX,2022-11-24 19:49:42,19.385,-99.165,72.84,33,94,10.0,overcast clouds
325,Rosetta,EG,2022-11-24 19:49:42,31.4044,30.4164,66.9,68,28,18.12,light rain
326,Mattoon,US,2022-11-24 19:49:42,39.4831,-88.3728,48.67,81,100,6.91,overcast clouds
327,Ouesso,CG,2022-11-24 19:49:43,1.6136,16.0517,72.05,96,68,0.56,light rain
328,Biltine,TD,2022-11-24 19:49:43,14.5333,20.9167,76.59,20,44,8.72,scattered clouds
329,Namatanai,PG,2022-11-24 19:49:44,-3.6667,152.4333,78.64,80,98,3.24,overcast clouds
330,Tahoua,NE,2022-11-24 19:49:44,14.8888,5.2692,82.38,15,0,2.3,clear sky
331,Bam,IR,2022-11-24 19:49:44,29.106,58.357,60.67,22,73,2.71,broken clouds
332,Lewisporte,CA,2022-11-24 19:49:45,49.2499,-55.0482,24.55,87,100,14.92,light snow
333,Naila,DE,2022-11-24 19:49:45,50.3167,11.7,42.06,94,75,5.75,broken clouds
334,Rocky Mountain House,CA,2022-11-24 19:45:56,52.3668,-114.9188,48.31,40,88,8.05,overcast clouds
335,Portland,US,2022-11-24 19:48:53,45.5234,-122.6762,56.95,66,20,8.99,few clouds
336,Sangar,RU,2022-11-24 19:49:46,63.9242,127.4739,-40.34,100,66,2.3,broken clouds
337,La Asuncion,VE,2022-11-24 19:48:34,11.0333,-63.8628,73.13,100,100,16.11,light rain
338,Odweyne,SO,2022-11-24 19:49:46,9.4092,45.064,71.22,61,0,4.9,clear sky
339,Porto Seguro,BR,2022-11-24 19:49:47,-16.4497,-39.0647,77.52,88,75,10.36,broken clouds
340,Pangnirtung,CA,2022-11-24 19:49:47,66.1451,-65.7125,5.0,66,20,4.61,few clouds
341,Lima,PE,2022-11-24 19:45:00,-12.0432,-77.0282,70.05,68,0,10.36,clear sky
342,Belaya Gora,RU,2022-11-24 19:49:48,68.5333,146.4167,-28.32,99,100,0.6,overcast clouds
343,Yaan,NG,2022-11-24 19:49:48,7.3833,8.5667,79.54,22,12,4.03,few clouds
344,Shahr-E Babak,IR,2022-11-24 19:49:49,30.1165,55.1186,52.41,42,100,4.74,overcast clouds
345,Szeged,HU,2022-11-24 19:49:49,46.253,20.1482,40.86,88,57,10.96,broken clouds
346,Banjar,ID,2022-11-24 19:49:50,-8.19,114.9675,77.0,90,100,1.81,moderate rain
347,Lagunas,PE,2022-11-24 19:49:50,-5.2269,-75.6753,85.77,63,100,0.4,light rain
348,Chiredzi,ZW,2022-11-24 19:49:51,-21.05,31.6667,80.46,44,3,9.35,clear sky
349,El Alto,PE,2022-11-24 19:49:51,-4.2714,-81.2147,76.66,71,25,16.06,scattered clouds
350,Murmashi,RU,2022-11-24 19:49:52,68.8154,32.8115,7.21,92,0,2.24,clear sky
351,Comodoro Rivadavia,AR,2022-11-24 19:49:52,-45.8667,-67.5,73.26,10,0,18.41,clear sky
352,Griffith,US,2022-11-24 19:49:52,41.5284,-87.4237,53.26,63,100,5.99,light rain
353,Buala,SB,2022-11-24 19:49:53,-8.145,159.5921,81.45,79,6,4.94,clear sky
354,Punto Fijo,VE,2022-11-24 19:49:53,11.6956,-70.1996,84.25,67,11,16.37,few clouds
355,Baruun-Urt,MN,2022-11-24 19:49:54,46.6806,113.2792,13.5,88,100,15.1,light snow
356,Hampton,US,2022-11-24 19:49:27,37.0299,-76.3452,65.01,62,20,10.36,few clouds
357,Kouroussa,GN,2022-11-24 19:49:54,10.65,-9.8833,78.13,29,62,1.72,broken clouds
358,Novyy Urengoy,RU,2022-11-24 19:49:55,66.0833,76.6333,-27.63,98,6,5.7,clear sky
359,Hofn,IS,2022-11-24 19:49:55,64.2539,-15.2082,42.08,93,100,25.41,overcast clouds
360,Henties Bay,NA,2022-11-24 19:49:56,-22.116,14.2845,61.05,83,4,12.62,clear sky
361,Boo,SE,2022-11-24 19:49:56,59.3333,18.2833,35.82,85,75,5.75,broken clouds
362,Jiaocheng,CN,2022-11-24 19:49:57,24.6774,116.1389,66.34,99,100,0.69,overcast clouds
363,Billings,US,2022-11-24 19:48:16,45.7833,-108.5007,46.51,50,51,17.0,broken clouds
364,Phalaborwa,ZA,2022-11-24 19:49:58,-23.943,31.1411,85.28,39,43,4.03,scattered clouds
365,Sihora,IN,2022-11-24 19:50:58,23.4833,80.1167,55.56,43,0,4.41,clear sky
366,Warrnambool,AU,2022-11-24 19:50:59,-38.3833,142.4833,51.82,81,30,1.19,scattered clouds
367,Cimislia,MD,2022-11-24 19:50:59,46.52,28.7842,39.34,90,100,5.06,overcast clouds
368,Lubango,AO,2022-11-24 19:51:00,-14.9172,13.4925,63.3,90,99,2.17,moderate rain
369,Tabas,IR,2022-11-24 19:51:00,33.5959,56.9244,58.62,23,14,1.21,few clouds
370,Carhuamayo,PE,2022-11-24 19:51:00,-10.9167,-76.0333,46.26,69,78,9.75,broken clouds
371,Puerto Quijarro,BO,2022-11-24 19:51:01,-17.7833,-57.7667,99.1,26,1,5.23,clear sky
372,Rio Grande,BR,2022-11-24 19:51:01,-32.035,-52.0986,86.11,55,0,10.13,clear sky
373,Vinh,VN,2022-11-24 19:51:02,18.6667,105.6667,75.61,94,100,2.19,light rain
374,Sandwick,GB,2022-11-24 19:51:02,60.0,-1.25,50.07,82,100,33.62,overcast clouds
375,Standerton,ZA,2022-11-24 19:51:03,-26.9337,29.2415,62.62,72,39,4.12,light rain
376,Mattru,SL,2022-11-24 19:51:03,7.6244,-11.8332,76.64,83,63,3.13,broken clouds
377,Maceio,BR,2022-11-24 19:50:08,-9.6658,-35.7353,85.44,58,0,13.8,clear sky
378,Haines Junction,CA,2022-11-24 19:51:04,60.7522,-137.5108,22.95,80,100,2.3,overcast clouds
379,Aulnoye-Aymeries,FR,2022-11-24 19:51:04,50.2014,3.8384,48.81,91,22,18.54,few clouds
380,Tabou,CI,2022-11-24 19:51:04,4.423,-7.3528,77.63,83,43,5.21,light rain
381,Nichinan,JP,2022-11-24 19:51:05,31.6,131.3667,57.09,81,1,4.83,clear sky
382,Bontang,ID,2022-11-24 19:51:05,0.1333,117.5,75.51,90,86,6.98,overcast clouds
383,Volax,GR,2022-11-24 19:51:06,41.3167,24.0,45.84,83,63,4.61,broken clouds
384,Salalah,OM,2022-11-24 19:51:06,17.0151,54.0924,75.67,64,0,1.59,clear sky
385,Ola,RU,2022-11-24 19:51:07,59.5833,151.2833,-6.61,88,88,12.35,overcast clouds
386,Ares,BR,2022-11-24 19:51:07,-6.1944,-35.1603,82.49,71,68,11.25,broken clouds
387,Biankouma,CI,2022-11-24 19:51:08,7.7391,-7.6138,73.74,64,97,2.66,overcast clouds
388,Lagos,NG,2022-11-24 19:50:53,6.5833,3.75,82.72,88,0,3.74,clear sky
389,Veraval,IN,2022-11-24 19:51:08,20.9,70.3667,74.48,39,0,10.13,clear sky
390,Bethanien,NA,2022-11-24 19:51:09,-26.502,17.1583,70.5,30,0,9.71,clear sky
391,Mehamn,NO,2022-11-24 19:51:09,71.0357,27.8492,26.55,63,0,3.44,clear sky
392,Bay City,US,2022-11-24 19:51:09,43.5945,-83.8889,55.72,52,75,10.36,broken clouds
393,Kavaratti,IN,2022-11-24 19:51:10,10.5669,72.642,81.05,74,97,5.93,overcast clouds
394,Heihe,CN,2022-11-24 19:51:10,50.2441,127.4902,1.98,96,100,7.7,light snow
395,Kloulklubed,PW,2022-11-24 19:51:11,7.0419,134.2556,83.88,74,77,12.5,broken clouds
396,Tilichiki,RU,2022-11-24 19:51:11,60.4667,166.1,-12.42,97,32,9.06,scattered clouds
397,Labuan,MY,2022-11-24 19:51:12,5.2767,115.2417,77.36,88,20,0.0,few clouds
398,Sao Joao Da Barra,BR,2022-11-24 19:51:12,-21.6403,-41.0511,73.49,92,100,1.1,moderate rain
399,Banff,CA,2022-11-24 19:51:12,51.1762,-115.5698,42.03,55,99,11.5,overcast clouds
400,Sept-Iles,CA,2022-11-24 19:51:13,50.2001,-66.3821,26.6,51,40,12.66,scattered clouds
401,Sosnovo-Ozerskoye,RU,2022-11-24 19:51:13,52.5249,111.5418,0.28,70,100,13.73,overcast clouds
402,Walvis Bay,NA,2022-11-24 19:47:45,-22.9575,14.5053,74.35,43,1,13.8,clear sky
403,Hamilton,US,2022-11-24 19:51:14,39.1834,-84.5333,65.23,39,0,6.91,clear sky
404,Weihe,CN,2022-11-24 19:51:15,32.9952,105.3247,43.25,91,0,2.68,clear sky
405,Dubbo,AU,2022-11-24 19:51:15,-32.25,148.6167,51.93,93,0,4.61,clear sky
406,Nouadhibou,MR,2022-11-24 19:51:15,20.931,-17.0347,71.58,49,0,13.8,clear sky
407,Port-Cartier,CA,2022-11-24 19:51:16,50.0334,-66.8654,26.28,72,100,10.36,overcast clouds
408,Sanandaj,IR,2022-11-24 19:51:16,35.3144,46.9923,39.22,70,20,0.0,few clouds
409,Asyut,EG,2022-11-24 19:51:17,27.181,31.1837,63.99,34,0,7.99,clear sky
410,Romanovo,RU,2022-11-24 19:51:17,52.6182,81.2271,5.02,86,100,7.18,overcast clouds
411,Manta,EC,2022-11-24 19:51:18,-0.95,-80.7333,78.58,69,20,13.8,few clouds
412,Uige,AO,2022-11-24 19:51:18,-7.6087,15.0613,68.34,93,80,1.48,light rain
413,Nanzhang,CN,2022-11-24 19:51:18,31.7765,111.8386,56.59,84,100,4.12,overcast clouds
414,Ahuimanu,US,2022-11-24 19:52:19,21.4447,-157.8378,73.2,77,75,9.22,broken clouds
415,Jertih,MY,2022-11-24 19:52:19,5.7336,102.4897,75.83,91,90,1.74,overcast clouds
416,La Palma,US,2022-11-24 19:52:20,33.8464,-118.0467,81.81,18,20,14.0,few clouds
417,Canto Do Buriti,BR,2022-11-24 19:52:20,-8.11,-42.9444,93.25,33,79,4.52,broken clouds
418,Pavlohrad,UA,2022-11-24 19:52:21,48.5167,35.8667,41.45,83,100,8.5,overcast clouds
419,Figeac,FR,2022-11-24 19:52:21,44.75,1.9167,50.38,91,100,1.81,overcast clouds
420,Mackay,AU,2022-11-24 19:52:22,-21.15,149.2,70.68,75,100,13.82,overcast clouds
421,Auki,SB,2022-11-24 19:52:22,-8.7676,160.7034,79.21,80,3,2.86,clear sky
422,Puerto Maldonado,PE,2022-11-24 19:52:23,-12.6,-69.1833,91.8,52,20,3.44,few clouds
423,Saint-Leu,RE,2022-11-24 19:52:23,-21.15,55.2833,74.23,75,2,3.58,clear sky
424,Liusha,CN,2022-11-24 19:52:24,27.2098,108.59,54.01,92,100,1.39,overcast clouds
425,Japoata,BR,2022-11-24 19:52:24,-10.3467,-36.8011,79.95,71,0,14.83,clear sky
426,Djibo,BF,2022-11-24 19:52:25,14.1022,-1.6306,80.74,12,95,9.44,overcast clouds
427,San Francisco,US,2022-11-24 19:52:25,37.7749,-122.4194,68.49,45,0,10.0,clear sky
428,Arman,RU,2022-11-24 19:52:25,59.7,150.1667,-3.3,80,100,9.31,overcast clouds
429,Kuching,MY,2022-11-24 19:52:26,1.55,110.3333,77.22,94,20,1.99,few clouds
430,Moose Factory,CA,2022-11-24 19:52:27,51.2585,-80.6094,37.4,81,75,11.5,broken clouds
431,Bushehr,IR,2022-11-24 19:52:27,28.9684,50.8385,73.49,64,0,4.61,clear sky
432,Souillac,MU,2022-11-24 19:52:28,-20.5167,57.5167,77.38,78,20,9.22,few clouds
433,Abay,KZ,2022-11-24 19:52:28,49.6311,72.8539,28.78,86,100,10.09,snow
